Workbook

Sheet Recipes
A1: id | B1: name | C1: category | D1: cuisine | E1: servings | F1: prep_min | G1: cook_min | H1: total_min | I1: photo_file | J1: photo_keywords | K1: photo_url | L1: ingredients | M1: ingredients_json | N1: kcal | O1: protein_g | P1: fat_g | Q1: carbs_g | R1: fiber_g | S1: net_carbs_g | T1: glycemic_index | U1: gi_category | V1: glycemic_load | W1: gl_category | X1: gi_note | Y1: gi_evidence | Z1: gi_measured_carb_share_pct | AA1: diet_tags | AB1: instructions | AC1: steps_json
A2: DB-0001 | B2: Spinach & Feta Egg White Omelet | C2: Breakfast | D2: Mediterranean | E2: 1 | F2: 5 | G2: 8 | H2: 13 | I2: spinach-and-feta-egg-white-omelet.jpg | J2: Spinach & Feta Egg White Omelet, healthy food photography, plated, natural light | L2: Egg whites — 150 g (5.3 oz) [5 egg whites] Spinach — 60 g (2.1 oz) Feta cheese — 30 g (1.1 oz) Extra-virgin olive oil — 5 g (0.2 oz) Green onions (scallions) — 10 g (0.4 oz) Black pepper — 1 g (0.0 oz) | M2: [{"ingredient_id": "egg_white", "name": "Egg whites", "grams": 150.0, "note": "5 egg whites"}, {"ingredient_id": "spinach", "name": "Spinach", "grams": 60.0, "note": ""}, {"ingredient_id": "feta", "name": "Feta cheese", "grams": 30.0, "note": ""}, {"ingredient_id": "olive_oil", "name": "Extra-virgin olive oil", "grams": 5.0, "note": ""}, {"ingredient_id": "green_onion", "name": "Green onions (scallions)", "grams": 10.0, "note": ""}, {"ingredient_id": "black_pepper", "name": "Black pepper", "grams": 1.0, "note": ""}] | N2: 221 | O2: 22.7 | P2: 11.9 | Q2: 5.8 | R2: 1.8 | S2: 4 | T2: 6 | U2: low | V2: 0.2 | W2: low | X2: Negligible carbohydrate (<5 g net/serving): GI has little practical meaning, glycemic load is what matters. | Y2: 0% of this dish's available carbohydrate comes from ingredients with a published, measured GI; the rest uses conventional placeholders (see Ingredients sheet) | Z2: 0 | AA2: vegetarian, gluten-free, nut-free, low-carb, quick | AB2: 1. Heat olive oil in a nonstick skillet over medium heat and wilt the spinach for 1 minute. 2. Pour in the egg whites, season with pepper, and cook undisturbed until the edges set. 3. Sprinkle feta and green onion over one half, fold the omelet over and cook 1 more minute. 4. Slide onto a plate and serve immediately. | AC2: ["Heat olive oil in a nonstick skillet over medium heat and wilt the spinach for 1 minute.", "Pour in the egg whites, season with pepper, and cook undisturbed until the edges set.", "Sprinkle feta and green onion over one half, fold the omelet over and cook 1 more minute.", "Slide onto a plate and serve immediately."]
A3: DB-0002 | B3: Veggie-Loaded Scrambled Eggs | C3: Breakfast | D3: American | E3: 2 | F3: 10 | G3: 10 | H3: 20 | I3: veggie-loaded-scrambled-eggs.jpg | J3: Veggie-Loaded Scrambled Eggs, healthy food photography, plated, natural light | L3: Egg, large (50 g each) — 200 g (7.1 oz) [4 large eggs] Bell pepper — 80 g (2.8 oz) Mushrooms (cremini/white) — 80 g (2.8 oz) Spinach — 50 g (1.8 oz) Yellow onion — 40 g (1.4 oz) Extra-virgin olive oil — 10 g (0.4 oz) Cheddar cheese — 30 g (1.1 oz) Salt — 1 g (0.0 oz) Black pepper — 1 g (0.0 oz) | M3: [{"ingredient_id": "egg", "name": "Egg, large (50 g each)", "grams": 200.0, "note": "4 large eggs"}, {"ingredient_id": "bell_pepper", "name": "Bell pepper", "grams": 80.0, "note": ""}, {"ingredient_id": "mushrooms", "name": "Mushrooms (cremini/white)", "grams": 80.0, "note": ""}, {"ingredient_id": "spinach", "name": "Spinach", "grams": 50.0, "note": ""}, {"ingredient_id": "onion", "name": "Yellow onion", "grams": 40.0, "note": ""}, {"ingredient_id": "olive_oil", "name": "Extra-virgin olive oil", "grams": 10.0, "note": ""}, {"ingredient_id": "cheddar", "name": "Cheddar cheese", "grams": 30.0, "note": ""}, {"ingredient_id": "salt", "name": "Salt", "grams": 1.0, "note": ""}, {"ingredient_id": "black_pepper", "name": "Black pepper", "grams": 1.0, "note": ""}] | N3: 284 | O3: 18.7 | P3: 19.8 | Q3: 7.7 | R3: 2.3 | S3: 5.4 | T3: 13 | U3: low | V3: 0.7 | W3: low | Y3: 0% of this dish's available carbohydrate comes from ingredients with a published, measured GI; the rest uses conventional placeholders (see Ingredients sheet) | Z3: 0 | AA3: vegetarian, gluten-free, nut-free, low-carb, quick | AB3: 1. Sauté onion, bell pepper and mushrooms in olive oil over medium heat for 5 minutes until soft. 2. Add spinach and stir until wilted. 3. Whisk eggs with salt and pepper, pour over the vegetables and stir gently until softly set. 4. Fold in the cheddar, remove from heat and serve. | AC3: ["Sauté onion, bell pepper and mushrooms in olive oil over medium heat for 5 minutes until soft.", "Add spinach and stir until wilted.", "Whisk eggs with salt and pepper, pour over the vegetables and stir gently until softly set.", "Fold in the cheddar, remove from heat and serve."]
A4: DB-0003 | B4: Avocado & Egg Sprouted-Grain Toast | C4: Breakfast | D4: American | E4: 1 | F4: 5 | G4: 6 | H4: 11 | I4: avocado-and-egg-sprouted-grain-toast.jpg | J4: Avocado & Egg Sprouted-Grain Toast, healthy food photography, plated, natural light | L4: Sprouted grain bread (Ezekiel-style) — 34 g (1.2 oz) [1 slice] Avocado — 70 g (2.5 oz) [half avocado] Egg, large (50 g each) — 50 g (1.8 oz) [1 large egg] Lemon juice — 5 g (0.2 oz) Red pepper flakes — 0.5 g (0.0 oz) Salt — 0.5 g (0.0 oz) | M4: [{"ingredient_id": "ezekiel_bread", "name": "Sprouted grain bread (Ezekiel-style)", "grams": 34.0, "note": "1 slice"}, {"ingredient_id": "avocado", "name": "Avocado", "grams": 70.0, "note": "half avocado"}, {"ingredient_id": "egg", "name": "Egg, large (50 g each)", "grams": 50.0, "note": "1 large egg"}, {"ingredient_id": "lemon_juice", "name": "Lemon juice", "grams": 5.0, "note": ""}, {"ingredient_id": "red_pepper_flakes", "name": "Red pepper flakes", "grams": 0.5, "note": ""}, {"ingredient_id": "salt", "name": "Salt", "grams": 0.5, "note": ""}] | N4: 266 | O4: 11.9 | P4: 15.9 | Q4: 21.9 | R4: 7.9 | S4: 14 | T4: 55 | U4: low | V4: 7.7 | W4: low | Y4: 85% of this dish's available carbohydrate comes from ingredients with a published, measured GI; the rest uses conventional placeholders (see Ingredients sheet) | Z4: 85 | AA4: vegetarian, gluten-free, dairy-free, nut-free, low-carb, high-fiber, quick | AB4: 1. Toast the bread until golden. 2. Mash the avocado with lemon juice and salt and spread over the toast. 3. Fry or poach the egg to your liking and set it on top. 4. Finish with red pepper flakes. | AC4: ["Toast the bread until golden.", "Mash the avocado with lemon juice and salt and spread over the toast.", "Fry or poach the egg to your liking and set it on top.", "Finish with red pepper flakes."]
A5: DB-0004 | B5: Greek Yogurt Berry Parfait with Walnuts | C5: Breakfast | D5: American | E5: 1 | F5: 5 | G5: 0 | H5: 5 | I5: greek-yogurt-berry-parfait-with-walnuts.jpg | J5: Greek Yogurt Berry Parfait with Walnuts, healthy food photography, plated, natural light | L5: Greek yogurt, plain 2% — 200 g (7.1 oz) Mixed berries, frozen — 80 g (2.8 oz) Walnuts — 20 g (0.7 oz) Chia seeds — 8 g (0.3 oz) Ground cinnamon — 1 g (0.0 oz) | M5: [{"ingredient_id": "greek_yogurt", "name": "Greek yogurt, plain 2%", "grams": 200.0, "note": ""}, {"ingredient_id": "mixed_berries", "name": "Mixed berries, frozen", "grams": 80.0, "note": ""}, {"ingredient_id": "walnuts", "name": "Walnuts", "grams": 20.0, "note": ""}, {"ingredient_id": "chia_seeds", "name": "Chia seeds", "grams": 8.0, "note": ""}, {"ingredient_id": "cinnamon", "name": "Ground cinnamon", "grams": 1.0, "note": ""}] | N5: 354 | O5: 25 | P5: 19.8 | Q5: 23.8 | R5: 7.8 | S5: 16 | T5: 22 | U5: low | V5: 3.5 | W5: low | Y5: 50% of this dish's available carbohydrate comes from ingredients with a published, measured GI; the rest uses conventional placeholders (see Ingredients sheet) | Z5: 50 | AA5: vegetarian, gluten-free, high-protein, high-fiber, no-cook, quick | AB5: 1. Spoon half the yogurt into a glass or bowl. 2. Layer half the berries and walnuts, then repeat with the remaining yogurt and toppings. 3. Sprinkle chia seeds and cinnamon on top and serve, or refrigerate up to 24 hours. | AC5: ["Spoon half the yogurt into a glass or bowl.", "Layer half the berries and walnuts, then repeat with the remaining yogurt and toppings.", "Sprinkle chia seeds and cinnamon on top and serve, or refrigerate up to 24 hours."]
A6: DB-0005 | B6: Overnight Steel-Cut Oats with Blueberries | C6: Breakfast | D6: American | E6: 2 | F6: 5 | G6: 0 | H6: 5 | I6: overnight-steel-cut-oats-with-blueberries.jpg | J6: Overnight Steel-Cut Oats with Blueberries, healthy food photography, plated, natural light | L6: Steel-cut oats, dry — 70 g (2.5 oz) Almond milk, unsweetened — 300 g (10.6 oz) Chia seeds — 15 g (0.5 oz) Blueberries — 100 g (3.5 oz) Almonds — 20 g (0.7 oz) Ground cinnamon — 2 g (0.1 oz) Vanilla extract — 3 g (0.1 oz) | M6: [{"ingredient_id": "steel_cut_oats", "name": "Steel-cut oats, dry", "grams": 70.0, "note": ""}, {"ingredient_id": "almond_milk", "name": "Almond milk, unsweetened", "grams": 300.0, "note": ""}, {"ingredient_id": "chia_seeds", "name": "Chia seeds", "grams": 15.0, "note": ""}, {"ingredient_id": "blueberries", "name": "Blueberries", "grams": 100.0, "note": ""}, {"ingredient_id": "almonds", "name": "Almonds", "grams": 20.0, "note": ""}, {"ingredient_id": "cinnamon", "name": "Ground cinnamon", "grams": 2.0, "note": ""}, {"ingredient_id": "vanilla_extract", "name": "Vanilla extract", "grams": 3.0, "note": ""}] | N6: 283 | O6: 9.2 | P6: 11.6 | Q6: 38 | R6: 9 | S6: 28.9 | T6: 49 | U6: low | V6: 14.2 | W6: medium | Y6: 90% of this dish's available carbohydrate comes from ingredients with a published, measured GI; the rest uses conventional placeholders (see Ingredients sheet) | Z6: 90 | AA6: vegan, dairy-free, high-fiber, no-cook, make-ahead | AB6: 1. Combine oats, almond milk, chia seeds, cinnamon and vanilla in a jar and stir well. 2. Refrigerate overnight (at least 8 hours) so the oats soften without cooking, which keeps the GI lower. 3. In the morning stir, divide into two bowls and top with blueberries and sliced almonds. | AC6: ["Combine oats, almond milk, chia seeds, cinnamon and vanilla in a jar and stir well.", "Refrigerate overnight (at least 8 hours) so the oats soften without cooking, which keeps the GI lower.", "In the morning stir, divide into two bowls and top with blueberries and sliced almonds."]
A7: DB-0006 | B7: Chia Seed Pudding with Raspberries | C7: Breakfast | D7: American | E7: 2 | F7: 5 | G7: 0 | H7: 5 | I7: chia-seed-pudding-with-raspberries.jpg | J7: Chia Seed Pudding with Raspberries, healthy food photography, plated, natural light | L7: Chia seeds — 40 g (1.4 oz) Almond milk, unsweetened — 300 g (10.6 oz) Raspberries — 100 g (3.5 oz) Vanilla extract — 3 g (0.1 oz) Monk fruit/erythritol sweetener — 5 g (0.2 oz) Almonds — 15 g (0.5 oz) | M7: [{"ingredient_id": "chia_seeds", "name": "Chia seeds", "grams": 40.0, "note": ""}, {"ingredient_id": "almond_milk", "name": "Almond milk, unsweetened", "grams": 300.0, "note": ""}, {"ingredient_id": "raspberries", "name": "Raspberries", "grams": 100.0, "note": ""}, {"ingredient_id": "vanilla_extract", "name": "Vanilla extract", "grams": 3.0, "note": ""}, {"ingredient_id": "monk_fruit_sweetener", "name": "Monk fruit/erythritol sweetener", "grams": 5.0, "note": ""}, {"ingredient_id": "almonds", "name": "Almonds", "grams": 15.0, "note": ""}] | N7: 193 | O7: 6.5 | P7: 12.1 | Q7: 17.1 | R7: 11 | S7: 6.2 | T7: 24 | U7: low | V7: 1.5 | W7: low | Y7: 0% of this dish's available carbohydrate comes from ingredients with a published, measured GI; the rest uses conventional placeholders (see Ingredients sheet) | Z7: 0 | AA7: vegan, gluten-free, dairy-free, low-carb, high-fiber, no-cook, make-ahead | AB7: 1. Whisk chia seeds, almond milk, vanilla and sweetener in a bowl. 2. Let stand 10 minutes, whisk again to break up clumps, then refrigerate at least 4 hours or overnight. 3. Spoon into bowls and top with raspberries and sliced almonds. | AC7: ["Whisk chia seeds, almond milk, vanilla and sweetener in a bowl.", "Let stand 10 minutes, whisk again to break up clumps, then refrigerate at least 4 hours or overnight.", "Spoon into bowls and top with raspberries and sliced almonds."]
A8: DB-0007 | B8: Cottage Cheese Bowl with Peaches & Pecans | C8: Breakfast | D8: American | E8: 1 | F8: 5 | G8: 0 | H8: 5 | I8: cottage-cheese-bowl-with-peaches-and-pecans.jpg | J8: Cottage Cheese Bowl with Peaches & Pecans, healthy food photography, plated, natural light | L8: Cottage cheese, low-fat — 200 g (7.1 oz) Peach — 120 g (4.2 oz) [1 medium peach] Pecans — 20 g (0.7 oz) Ground cinnamon — 1 g (0.0 oz) Ground flaxseed — 8 g (0.3 oz) | M8: [{"ingredient_id": "cottage_cheese", "name": "Cottage cheese, low-fat", "grams": 200.0, "note": ""}, {"ingredient_id": "peach", "name": "Peach", "grams": 120.0, "note": "1 medium peach"}, {"ingredient_id": "pecans", "name": "Pecans", "grams": 20.0, "note": ""}, {"ingredient_id": "cinnamon", "name": "Ground cinnamon", "grams": 1.0, "note": ""}, {"ingredient_id": "flaxseed", "name": "Ground flaxseed", "grams": 8.0, "note": ""}] | N8: 398 | O8: 26.4 | P8: 22.7 | Q8: 25.9 | R8: 6.4 | S8: 19.5 | T8: 33 | U8: low | V8: 6.4 | W8: low | Y8: 49% of this dish's available carbohydrate comes from ingredients with a published, measured GI; the rest uses conventional placeholders (see Ingredients sheet) | Z8: 49 | AA8: vegetarian, gluten-free, high-protein, no-cook, quick | AB8: 1. Spoon the cottage cheese into a bowl. 2. Slice the peach and arrange on top. 3. Sprinkle with chopped pecans, ground flaxseed and cinnamon. | AC8: ["Spoon the cottage cheese into a bowl.", "Slice the peach and arrange on top.", "Sprinkle with chopped pecans, ground flaxseed and cinnamon."]
A9: DB-0008 | B9: Southwest Breakfast Burrito | C9: Breakfast | D9: Tex-Mex | E9: 2 | F9: 10 | G9: 12 | H9: 22 | I9: southwest-breakfast-burrito.jpg | J9: Southwest Breakfast Burrito, healthy food photography, plated, natural light | L9: Low-carb high-fiber tortilla — 84 g (3.0 oz) [2 tortillas] Egg, large (50 g each) — 200 g (7.1 oz) [4 large eggs] Black beans, cooked — 80 g (2.8 oz) Bell pepper — 60 g (2.1 oz) Yellow onion — 30 g (1.1 oz) Pepper jack cheese — 40 g (1.4 oz) Salsa, no sugar added — 60 g (2.1 oz) Avocado — 60 g (2.1 oz) Extra-virgin olive oil — 8 g (0.3 oz) Ground cumin — 1 g (0.0 oz) | M9: [{"ingredient_id": "low_carb_tortilla", "name": "Low-carb high-fiber tortilla", "grams": 84.0, "note": "2 tortillas"}, {"ingredient_id": "egg", "name": "Egg, large (50 g each)", "grams": 200.0, "note": "4 large eggs"}, {"ingredient_id": "black_beans", "name": "Black beans, cooked", "grams": 80.0, "note": ""}, {"ingredient_id": "bell_pepper", "name": "Bell pepper", "grams": 60.0, "note": ""}, {"ingredient_id": "onion", "name": "Yellow onion", "grams": 30.0, "note": ""}, {"ingredient_id": "pepper_jack", "name": "Pepper jack cheese", "grams": 40.0, "note": ""}, {"ingredient_id": "salsa", "name": "Salsa, no sugar added", "grams": 60.0, "note": ""}, {"ingredient_id": "avocado", "name": "Avocado", "grams": 60.0, "note": ""}, {"ingredient_id": "olive_oil", "name": "Extra-virgin olive oil", "grams": 8.0, "note": ""}, {"ingredient_id": "cumin", "name": "Ground cumin", "grams": 1.0, "note": ""}] | N9: 488 | O9: 27.6 | P9: 27.8 | Q9: 35.3 | R9: 17.4 | S9: 18 | T9: 26 | U9: low | V9: 4.7 | W9: low | Y9: 33% of this dish's available carbohydrate comes from ingredients with a published, measured GI; the rest uses conventional placeholders (see Ingredients sheet) | Z9: 33 | AA9: vegetarian, nut-free, high-protein, high-fiber | AB9: 1. Sauté onion and bell pepper in olive oil for 4 minutes, add black beans and cumin and warm through. 2. Whisk the eggs, pour into the pan and scramble until just set. 3. Warm the tortillas, fill with the egg mixture, cheese, avocado and salsa. 4. Roll tightly, folding in the sides, and cut in half. | AC9: ["Sauté onion and bell pepper in olive oil for 4 minutes, add black beans and cumin and warm through.", "Whisk the eggs, pour into the pan and scramble until just set.", "Warm the tortillas, fill with the egg mixture, cheese, avocado and salsa.", "Roll tightly, folding in the sides, and cut in half."]
A10: DB-0009 | B10: Turkey Sausage & Kale Frittata | C10: Breakfast | D10: American | E10: 4 | F10: 10 | G10: 25 | H10: 35 | I10: turkey-sausage-and-kale-frittata.jpg | J10: Turkey Sausage & Kale Frittata, healthy food photography, plated, natural light | L10: Egg, large (50 g each) — 400 g (14.1 oz) [8 large eggs] Turkey sausage — 200 g (7.1 oz) Kale — 100 g (3.5 oz) Yellow onion — 60 g (2.1 oz) Mozzarella, part-skim — 60 g (2.1 oz) Extra-virgin olive oil — 10 g (0.4 oz) Garlic — 5 g (0.2 oz) Salt — 2 g (0.1 oz) Black pepper — 1 g (0.0 oz) | M10: [{"ingredient_id": "egg", "name": "Egg, large (50 g each)", "grams": 400.0, "note": "8 large eggs"}, {"ingredient_id": "turkey_sausage", "name": "Turkey sausage", "grams": 200.0, "note": ""}, {"ingredient_id": "kale", "name": "Kale", "grams": 100.0, "note": ""}, {"ingredient_id": "onion", "name": "Yellow onion", "grams": 60.0, "note": ""}, {"ingredient_id": "mozzarella", "name": "Mozzarella, part-skim", "grams": 60.0, "note": ""}, {"ingredient_id": "olive_oil", "name": "Extra-virgin olive oil", "grams": 10.0, "note": ""}, {"ingredient_id": "garlic", "name": "Garlic", "grams": 5.0, "note": ""}, {"ingredient_id": "salt", "name": "Salt", "grams": 2.0, "note": ""}, {"ingredient_id": "black_pepper", "name": "Black pepper", "grams": 1.0, "note": ""}] | N10: 301 | O10: 25 | P10: 19.7 | Q10: 6.3 | R10: 1.2 | S10: 5.1 | T10: 10 | U10: low | V10: 0.5 | W10: low | Y10: 0% of this dish's available carbohydrate comes from ingredients with a published, measured GI; the rest uses conventional placeholders (see Ingredients sheet) | Z10: 0 | AA10: gluten-free, nut-free, low-carb, high-protein, make-ahead | AB10: 1. Preheat oven to 375°F. Brown crumbled turkey sausage in an ovenproof skillet, then remove. 2. Sauté onion and garlic in olive oil, add kale and cook until wilted. Return sausage to the pan. 3. Whisk eggs with salt and pepper, pour over the filling and scatter mozzarella on top. 4. Cook 2 minutes on the stove, then bake 15–18 minutes until set. Cool 5 minutes before slicing. | AC10: ["Preheat oven to 375°F. Brown crumbled turkey sausage in an ovenproof skillet, then remove.", "Sauté onion and garlic in olive oil, add kale and cook until wilted. Return sausage to the pan.", "Whisk eggs with salt and pepper, pour over the filling and scatter mozzarella on top.", "Cook 2 minutes on the stove, then bake 15–18 minutes until set. Cool 5 minutes before slicing."]
A11: DB-0010 | B11: Almond Flour Blueberry Pancakes | C11: Breakfast | D11: American | E11: 2 | F11: 10 | G11: 12 | H11: 22 | I11: almond-flour-blueberry-pancakes.jpg | J11: Almond Flour Blueberry Pancakes, healthy food photography, plated, natural light | L11: Almond flour — 100 g (3.5 oz) Egg, large (50 g each) — 100 g (3.5 oz) [2 large eggs] Almond milk, unsweetened — 60 g (2.1 oz) Baking powder — 4 g (0.1 oz) Vanilla extract — 3 g (0.1 oz) Monk fruit/erythritol sweetener — 8 g (0.3 oz) Blueberries — 80 g (2.8 oz) Coconut oil — 10 g (0.4 oz) | M11: [{"ingredient_id": "almond_flour", "name": "Almond flour", "grams": 100.0, "note": ""}, {"ingredient_id": "egg", "name": "Egg, large (50 g each)", "grams": 100.0, "note": "2 large eggs"}, {"ingredient_id": "almond_milk", "name": "Almond milk, unsweetened", "grams": 60.0, "note": ""}, {"ingredient_id": "baking_powder", "name": "Baking powder", "grams": 4.0, "note": ""}, {"ingredient_id": "vanilla_extract", "name": "Vanilla extract", "grams": 3.0, "note": ""}, {"ingredient_id": "monk_fruit_sweetener", "name": "Monk fruit/erythritol sweetener", "grams": 8.0, "note": ""}, {"ingredient_id": "blueberries", "name": "Blueberries", "grams": 80.0, "note": ""}, {"ingredient_id": "coconut_oil", "name": "Coconut oil", "grams": 10.0, "note": ""}] | N11: 442 | O11: 17.3 | P11: 35.2 | Q11: 17.6 | R11: 7 | S11: 10.6 | T11: 31 | U11: low | V11: 3.3 | W11: low | Y11: 46% of this dish's available carbohydrate comes from ingredients with a published, measured GI; the rest uses conventional placeholders (see Ingredients sheet) | Z11: 46 | AA11: vegetarian, gluten-free, dairy-free, low-carb | AB11: 1. Whisk eggs, almond milk, vanilla and sweetener, then stir in almond flour and baking powder to a thick batter. 2. Fold in the blueberries. 3. Cook 1/4-cup portions in coconut oil over medium-low heat, 3 minutes per side, flipping carefully. 4. Serve warm with extra berries if desired. | AC11: ["Whisk eggs, almond milk, vanilla and sweetener, then stir in almond flour and baking powder to a thick batter.", "Fold in the blueberries.", "Cook 1/4-cup portions in coconut oil over medium-low heat, 3 minutes per side, flipping carefully.", "Serve warm with extra berries if desired."]
A12: DB-0011 | B12: Shakshuka with Feta | C12: Breakfast | D12: Middle Eastern | E12: 2 | F12: 10 | G12: 25 | H12: 35 | I12: shakshuka-with-feta.jpg | J12: Shakshuka with Feta, healthy food photography, plated, natural light | L12: Egg, large (50 g each) — 200 g (7.1 oz) [4 large eggs] Crushed tomatoes, canned — 400 g (14.1 oz) Bell pepper — 120 g (4.2 oz) Yellow onion — 80 g (2.8 oz) Garlic — 8 g (0.3 oz) Extra-virgin olive oil — 15 g (0.5 oz) Ground cumin — 2 g (0.1 oz) Smoked paprika — 2 g (0.1 oz) Feta cheese — 40 g (1.4 oz) Fresh parsley — 10 g (0.4 oz) Salt — 2 g (0.1 oz) | M12: [{"ingredient_id": "egg", "name": "Egg, large (50 g each)", "grams": 200.0, "note": "4 large eggs"}, {"ingredient_id": "crushed_tomatoes", "name": "Crushed tomatoes, canned", "grams": 400.0, "note": ""}, {"ingredient_id": "bell_pepper", "name": "Bell pepper", "grams": 120.0, "note": ""}, {"ingredient_id": "onion", "name": "Yellow onion", "grams": 80.0, "note": ""}, {"ingredient_id": "garlic", "name": "Garlic", "grams": 8.0, "note": ""}, {"ingredient_id": "olive_oil", "name": "Extra-virgin olive oil", "grams": 15.0, "note": ""}, {"ingredient_id": "cumin", "name": "Ground cumin", "grams": 2.0, "note": ""}, {"ingredient_id": "smoked_paprika", "name": "Smoked paprika", "grams": 2.0, "note": ""}, {"ingredient_id": "feta", "name": "Feta cheese", "grams": 40.0, "note": ""}, {"ingredient_id": "parsley", "name": "Fresh parsley", "grams": 10.0, "note": ""}, {"ingredient_id": "salt", "name": "Salt", "grams": 2.0, "note": ""}] | N12: 375 | O12: 20.4 | P12: 22.4 | Q12: 25.4 | R12: 6.4 | S12: 19 | T12: 26 | U12: low | V12: 4.9 | W12: low | Y12: 0% of this dish's available carbohydrate comes from ingredients with a published, measured GI; the rest uses conventional placeholders (see Ingredients sheet) | Z12: 0 | AA12: vegetarian, gluten-free, nut-free, one-pan | AB12: 1. Sauté onion and bell pepper in olive oil over medium heat for 7 minutes, add garlic, cumin and paprika and cook 1 minute. 2. Pour in crushed tomatoes, season with salt and simmer 10 minutes until slightly thickened. 3. Make four wells, crack an egg into each, cover and cook 6–8 minutes until whites are set. 4. Top with crumbled feta and parsley and serve straight from the pan. | AC12: ["Sauté onion and bell pepper in olive oil over medium heat for 7 minutes, add garlic, cumin and paprika and cook 1 minute.", "Pour in crushed tomatoes, season with salt and simmer 10 minutes until slightly thickened.", "Make four wells, crack an egg into each, cover and cook 6–8 minutes until whites are set.", "Top with crumbled feta and parsley and serve straight from the pan."]
A13: DB-0012 | B13: Smoked Salmon & Cream Cheese Egg Wrap | C13: Breakfast | D13: American | E13: 1 | F13: 5 | G13: 5 | H13: 10 | I13: smoked-salmon-and-cream-cheese-egg-wrap.jpg | J13: Smoked Salmon & Cream Cheese Egg Wrap, healthy food photography, plated, natural light | L13: Egg, large (50 g each) — 100 g (3.5 oz) [2 large eggs] Smoked salmon — 60 g (2.1 oz) Cream cheese — 20 g (0.7 oz) Cucumber — 40 g (1.4 oz) Fresh dill — 3 g (0.1 oz) Capers — 5 g (0.2 oz) Extra-virgin olive oil — 4 g (0.1 oz) | M13: [{"ingredient_id": "egg", "name": "Egg, large (50 g each)", "grams": 100.0, "note": "2 large eggs"}, {"ingredient_id": "smoked_salmon", "name": "Smoked salmon", "grams": 60.0, "note": ""}, {"ingredient_id": "cream_cheese", "name": "Cream cheese", "grams": 20.0, "note": ""}, {"ingredient_id": "cucumber", "name": "Cucumber", "grams": 40.0, "note": ""}, {"ingredient_id": "dill", "name": "Fresh dill", "grams": 3.0, "note": ""}, {"ingredient_id": "capers", "name": "Capers", "grams": 5.0, "note": ""}, {"ingredient_id": "olive_oil", "name": "Extra-virgin olive oil", "grams": 4.0, "note": ""}] | N13: 325 | O13: 25.1 | P13: 23 | Q13: 3.4 | R13: 0.4 | S13: 3 | T13: 7 | U13: low | V13: 0.2 | W13: low | X13: Negligible carbohydrate (<5 g net/serving): GI has little practical meaning, glycemic load is what matters. | Y13: 0% of this dish's available carbohydrate comes from ingredients with a published, measured GI; the rest uses conventional placeholders (see Ingredients sheet) | Z13: 0 | AA13: pescatarian, gluten-free, nut-free, low-carb, high-protein, quick | AB13: 1. Whisk eggs and cook in a lightly oiled nonstick pan as one thin round crepe-like layer, about 2 minutes. 2. Slide the egg wrap onto a plate and spread with cream cheese. 3. Layer smoked salmon, thin cucumber slices, capers and dill. 4. Roll up tightly and slice in half. | AC13: ["Whisk eggs and cook in a lightly oiled nonstick pan as one thin round crepe-like layer, about 2 minutes.", "Slide the egg wrap onto a plate and spread with cream cheese.", "Layer smoked salmon, thin cucumber slices, capers and dill.", "Roll up tightly and slice in half."]
A14: DB-0013 | B14: Peanut Butter Protein Smoothie | C14: Breakfast | D14: American | E14: 1 | F14: 5 | G14: 0 | H14: 5 | I14: peanut-butter-protein-smoothie.jpg | J14: Peanut Butter Protein Smoothie, healthy food photography, plated, natural light | L14: Almond milk, unsweetened — 300 g (10.6 oz) Whey protein powder, unsweetened — 30 g (1.1 oz) Peanut butter, natural — 16 g (0.6 oz) Spinach — 40 g (1.4 oz) Banana (small amount) — 50 g (1.8 oz) [half small banana] Chia seeds — 8 g (0.3 oz) Water / ice — 50 g (1.8 oz) [ice] | M14: [{"ingredient_id": "almond_milk", "name": "Almond milk, unsweetened", "grams": 300.0, "note": ""}, {"ingredient_id": "whey_protein", "name": "Whey protein powder, unsweetened", "grams": 30.0, "note": ""}, {"ingredient_id": "peanut_butter", "name": "Peanut butter, natural", "grams": 16.0, "note": ""}, {"ingredient_id": "spinach", "name": "Spinach", "grams": 40.0, "note": ""}, {"ingredient_id": "banana", "name": "Banana (small amount)", "grams": 50.0, "note": "half small banana"}, {"ingredient_id": "chia_seeds", "name": "Chia seeds", "grams": 8.0, "note": ""}, {"ingredient_id": "water", "name": "Water / ice", "grams": 50.0, "note": "ice"}] | N14: 346 | O14: 32.3 | P14: 15.9 | Q14: 23.7 | R14: 6.2 | S14: 17.5 | T14: 39 | U14: low | V14: 6.8 | W14: low | Y14: 70% of this dish's available carbohydrate comes from ingredients with a published, measured GI; the rest uses conventional placeholders (see Ingredients sheet) | Z14: 70 | AA14: vegetarian, gluten-free, high-protein, no-cook, quick | AB14: 1. Add almond milk, protein powder, peanut butter, spinach, banana and chia seeds to a blender. 2. Add a handful of ice and blend on high until completely smooth. 3. Pour into a glass and drink right away. | AC14: ["Add almond milk, protein powder, peanut butter, spinach, banana and chia seeds to a blender.", "Add a handful of ice and blend on high until completely smooth.", "Pour into a glass and drink right away."]
A15: DB-0014 | B15: Green Power Smoothie | C15: Breakfast | D15: American | E15: 1 | F15: 5 | G15: 0 | H15: 5 | I15: green-power-smoothie.jpg | J15: Green Power Smoothie, healthy food photography, plated, natural light | L15: Spinach — 60 g (2.1 oz) Kale — 30 g (1.1 oz) Avocado — 50 g (1.8 oz) Cucumber — 80 g (2.8 oz) Greek yogurt, plain 2% — 120 g (4.2 oz) Lemon juice — 10 g (0.4 oz) Fresh ginger — 5 g (0.2 oz) Water / ice — 150 g (5.3 oz) [water + ice] Hemp seeds — 10 g (0.4 oz) | M15: [{"ingredient_id": "spinach", "name": "Spinach", "grams": 60.0, "note": ""}, {"ingredient_id": "kale", "name": "Kale", "grams": 30.0, "note": ""}, {"ingredient_id": "avocado", "name": "Avocado", "grams": 50.0, "note": ""}, {"ingredient_id": "cucumber", "name": "Cucumber", "grams": 80.0, "note": ""}, {"ingredient_id": "greek_yogurt", "name": "Greek yogurt, plain 2%", "grams": 120.0, "note": ""}, {"ingredient_id": "lemon_juice", "name": "Lemon juice", "grams": 10.0, "note": ""}, {"ingredient_id": "ginger", "name": "Fresh ginger", "grams": 5.0, "note": ""}, {"ingredient_id": "water", "name": "Water / ice", "grams": 150.0, "note": "water + ice"}, {"ingredient_id": "hemp_seeds", "name": "Hemp seeds", "grams": 10.0, "note": ""}] | N15: 270 | O15: 19.9 | P15: 15.4 | Q15: 19.2 | R15: 6.7 | S15: 12.5 | T15: 14 | U15: low | V15: 1.8 | W15: low | Y15: 38% of this dish's available carbohydrate comes from ingredients with a published, measured GI; the rest uses conventional placeholders (see Ingredients sheet) | Z15: 38 | AA15: vegetarian, gluten-free, nut-free, low-carb, no-cook, quick | AB15: 1. Combine all ingredients in a blender. 2. Blend on high for 45–60 seconds until silky. 3. Adjust thickness with water and serve cold. | AC15: ["Combine all ingredients in a blender.", "Blend on high for 45–60 seconds until silky.", "Adjust thickness with water and serve cold."]
A16: DB-0015 | B16: Mushroom & Swiss Omelet | C16: Breakfast | D16: American | E16: 1 | F16: 5 | G16: 10 | H16: 15 | I16: mushroom-and-swiss-omelet.jpg | J16: Mushroom & Swiss Omelet, healthy food photography, plated, natural light | L16: Egg, large (50 g each) — 150 g (5.3 oz) [3 large eggs] Mushrooms (cremini/white) — 80 g (2.8 oz) Swiss cheese — 30 g (1.1 oz) Butter — 8 g (0.3 oz) Fresh chives — 3 g (0.1 oz) Salt — 1 g (0.0 oz) Black pepper — 1 g (0.0 oz) | M16: [{"ingredient_id": "egg", "name": "Egg, large (50 g each)", "grams": 150.0, "note": "3 large eggs"}, {"ingredient_id": "mushrooms", "name": "Mushrooms (cremini/white)", "grams": 80.0, "note": ""}, {"ingredient_id": "swiss_cheese", "name": "Swiss cheese", "grams": 30.0, "note": ""}, {"ingredient_id": "butter", "name": "Butter", "grams": 8.0, "note": ""}, {"ingredient_id": "chives", "name": "Fresh chives", "grams": 3.0, "note": ""}, {"ingredient_id": "salt", "name": "Salt", "grams": 1.0, "note": ""}, {"ingredient_id": "black_pepper", "name": "Black pepper", "grams": 1.0, "note": ""}] | N16: 407 | O16: 29.8 | P16: 29.4 | Q16: 4.9 | R16: 1.1 | S16: 3.8 | T16: 9 | U16: low | V16: 0.3 | W16: low | X16: Negligible carbohydrate (<5 g net/serving): GI has little practical meaning, glycemic load is what matters. | Y16: 0% of this dish's available carbohydrate comes from ingredients with a published, measured GI; the rest uses conventional placeholders (see Ingredients sheet) | Z16: 0 | AA16: vegetarian, gluten-free, nut-free, low-carb, high-protein, quick | AB16: 1. Sauté mushrooms in half the butter until browned, about 5 minutes; set aside. 2. Whisk eggs with salt and pepper, melt the remaining butter and pour in the eggs, tilting the pan as they set. 3. Add mushrooms and Swiss cheese to one side, fold and cook 1 minute more. 4. Garnish with chives. | AC16: ["Sauté mushrooms in half the butter until browned, about 5 minutes; set aside.", "Whisk eggs with salt and pepper, melt the remaining butter and pour in the eggs, tilting the pan as they set.", "Add mushrooms and Swiss cheese to one side, fold and cook 1 minute more.", "Garnish with chives."]
A17: DB-0016 | B17: Tomato, Basil & Mozzarella Egg Bake | C17: Breakfast | D17: Italian | E17: 4 | F17: 10 | G17: 30 | H17: 40 | I17: tomato-basil-and-mozzarella-egg-bake.jpg | J17: Tomato, Basil & Mozzarella Egg Bake, healthy food photography, plated, natural light | L17: Egg, large (50 g each) — 400 g (14.1 oz) [8 large eggs] Cherry tomatoes — 200 g (7.1 oz) Mozzarella, part-skim — 100 g (3.5 oz) Fresh basil — 15 g (0.5 oz) Milk, 2% — 60 g (2.1 oz) Garlic — 5 g (0.2 oz) Extra-virgin olive oil — 10 g (0.4 oz) Salt — 2 g (0.1 oz) Black pepper — 1 g (0.0 oz) | M17: [{"ingredient_id": "egg", "name": "Egg, large (50 g each)", "grams": 400.0, "note": "8 large eggs"}, {"ingredient_id": "cherry_tomato", "name": "Cherry tomatoes", "grams": 200.0, "note": ""}, {"ingredient_id": "mozzarella", "name": "Mozzarella, part-skim", "grams": 100.0, "note": ""}, {"ingredient_id": "basil", "name": "Fresh basil", "grams": 15.0, "note": ""}, {"ingredient_id": "milk", "name": "Milk, 2%", "grams": 60.0, "note": ""}, {"ingredient_id": "garlic", "name": "Garlic", "grams": 5.0, "note": ""}, {"ingredient_id": "olive_oil", "name": "Extra-virgin olive oil", "grams": 10.0, "note": ""}, {"ingredient_id": "salt", "name": "Salt", "grams": 2.0, "note": ""}, {"ingredient_id": "black_pepper", "name": "Black pepper", "grams": 1.0, "note": ""}] | N17: 248 | O17: 19.8 | P17: 16.4 | Q17: 4.8 | R17: 0.7 | S17: 4 | T17: 13 | U17: low | V17: 0.5 | W17: low | X17: Negligible carbohydrate (<5 g net/serving): GI has little practical meaning, glycemic load is what matters. | Y17: 18% of this dish's available carbohydrate comes from ingredients with a published, measured GI; the rest uses conventional placeholders (see Ingredients sheet) | Z17: 18 | AA17: vegetarian, gluten-free, nut-free, low-carb, make-ahead | AB17: 1. Preheat oven to 375°F and oil a 9-inch baking dish. 2. Whisk eggs, milk, garlic, salt and pepper; pour into the dish. 3. Scatter halved cherry tomatoes and torn mozzarella over the top. 4. Bake 25–30 minutes until puffed and set; top with torn basil before serving. | AC17: ["Preheat oven to 375°F and oil a 9-inch baking dish.", "Whisk eggs, milk, garlic, salt and pepper; pour into the dish.", "Scatter halved cherry tomatoes and torn mozzarella over the top.", "Bake 25–30 minutes until puffed and set; top with torn basil before serving."]
A18: DB-0017 | B18: Egg Muffin Cups with Broccoli & Cheddar | C18: Breakfast | D18: American | E18: 6 | F18: 10 | G18: 22 | H18: 32 | I18: egg-muffin-cups-with-broccoli-and-cheddar.jpg | J18: Egg Muffin Cups with Broccoli & Cheddar, healthy food photography, plated, natural light | L18: Egg, large (50 g each) — 500 g (17.6 oz) [10 large eggs] Broccoli — 200 g (7.1 oz) Cheddar cheese — 90 g (3.2 oz) Green onions (scallions) — 30 g (1.1 oz) Milk, 2% — 60 g (2.1 oz) Salt — 2 g (0.1 oz) Black pepper — 1 g (0.0 oz) Extra-virgin olive oil — 5 g (0.2 oz) | M18: [{"ingredient_id": "egg", "name": "Egg, large (50 g each)", "grams": 500.0, "note": "10 large eggs"}, {"ingredient_id": "broccoli", "name": "Broccoli", "grams": 200.0, "note": ""}, {"ingredient_id": "cheddar", "name": "Cheddar cheese", "grams": 90.0, "note": ""}, {"ingredient_id": "green_onion", "name": "Green onions (scallions)", "grams": 30.0, "note": ""}, {"ingredient_id": "milk", "name": "Milk, 2%", "grams": 60.0, "note": ""}, {"ingredient_id": "salt", "name": "Salt", "grams": 2.0, "note": ""}, {"ingredient_id": "black_pepper", "name": "Black pepper", "grams": 1.0, "note": ""}, {"ingredient_id": "olive_oil", "name": "Extra-virgin olive oil", "grams": 5.0, "note": ""}] | N18: 205 | O18: 15.3 | P18: 14 | Q18: 3.9 | R18: 1 | S18: 2.9 | T18: 13 | U18: low | V18: 0.4 | W18: low | X18: Negligible carbohydrate (<5 g net/serving): GI has little practical meaning, glycemic load is what matters. | Y18: 17% of this dish's available carbohydrate comes from ingredients with a published, measured GI; the rest uses conventional placeholders (see Ingredients sheet) | Z18: 17 | AA18: vegetarian, gluten-free, nut-free, low-carb, make-ahead, meal-prep | AB18: 1. Preheat oven to 350°F and oil a 12-cup muffin tin. 2. Steam finely chopped broccoli 2 minutes and divide among the cups with cheddar and green onion. 3. Whisk eggs with milk, salt and pepper and pour over the fillings. 4. Bake 20–22 minutes until set. Cool, then refrigerate up to 5 days or freeze. | AC18: ["Preheat oven to 350°F and oil a 12-cup muffin tin.", "Steam finely chopped broccoli 2 minutes and divide among the cups with cheddar and green onion.", "Whisk eggs with milk, salt and pepper and pour over the fillings.", "Bake 20–22 minutes until set. Cool, then refrigerate up to 5 days or freeze."]
A19: DB-0018 | B19: Savory Oatmeal with Egg & Avocado | C19: Breakfast | D19: American | E19: 1 | F19: 5 | G19: 12 | H19: 17 | I19: savory-oatmeal-with-egg-and-avocado.jpg | J19: Savory Oatmeal with Egg & Avocado, healthy food photography, plated, natural light | L19: Rolled oats, dry — 40 g (1.4 oz) Chicken broth, low sodium — 200 g (7.1 oz) Egg, large (50 g each) — 50 g (1.8 oz) [1 large egg] Avocado — 50 g (1.8 oz) Green onions (scallions) — 10 g (0.4 oz) Parmesan, grated — 10 g (0.4 oz) Hot sauce (Tabasco/Frank's) — 5 g (0.2 oz) Extra-virgin olive oil — 4 g (0.1 oz) | M19: [{"ingredient_id": "rolled_oats", "name": "Rolled oats, dry", "grams": 40.0, "note": ""}, {"ingredient_id": "chicken_broth", "name": "Chicken broth, low sodium", "grams": 200.0, "note": ""}, {"ingredient_id": "egg", "name": "Egg, large (50 g each)", "grams": 50.0, "note": "1 large egg"}, {"ingredient_id": "avocado", "name": "Avocado", "grams": 50.0, "note": ""}, {"ingredient_id": "green_onion", "name": "Green onions (scallions)", "grams": 10.0, "note": ""}, {"ingredient_id": "parmesan", "name": "Parmesan, grated", "grams": 10.0, "note": ""}, {"ingredient_id": "hot_sauce", "name": "Hot sauce (Tabasco/Frank's)", "grams": 5.0, "note": ""}, {"ingredient_id": "olive_oil", "name": "Extra-virgin olive oil", "grams": 4.0, "note": ""}] | N19: 399 | O19: 18.5 | P19: 22.2 | Q19: 34 | R19: 7.6 | S19: 26.4 | T19: 51 | U19: low | V19: 13.5 | W19: medium | Y19: 88% of this dish's available carbohydrate comes from ingredients with a published, measured GI; the rest uses conventional placeholders (see Ingredients sheet) | Z19: 88 | AA19: vegetarian, nut-free, high-fiber, quick | AB19: 1. Simmer oats in broth for 8–10 minutes, stirring, until creamy. 2. Meanwhile fry the egg in olive oil until the white is set and yolk still runny. 3. Spoon oats into a bowl, top with the egg, sliced avocado, green onion and parmesan. 4. Add a dash of hot sauce. | AC19: ["Simmer oats in broth for 8–10 minutes, stirring, until creamy.", "Meanwhile fry the egg in olive oil until the white is set and yolk still runny.", "Spoon oats into a bowl, top with the egg, sliced avocado, green onion and parmesan.", "Add a dash of hot sauce."]
A20: DB-0019 | B20: Cinnamon Ricotta Bowl with Strawberries | C20: Breakfast | D20: Italian | E20: 1 | F20: 5 | G20: 0 | H20: 5 | I20: cinnamon-ricotta-bowl-with-strawberries.jpg | J20: Cinnamon Ricotta Bowl with Strawberries, healthy food photography, plated, natural light | L20: Ricotta, part-skim — 150 g (5.3 oz) Strawberries — 120 g (4.2 oz) Ground cinnamon — 1 g (0.0 oz) Vanilla extract — 2 g (0.1 oz) Pistachios, shelled — 15 g (0.5 oz) Monk fruit/erythritol sweetener — 3 g (0.1 oz) | M20: [{"ingredient_id": "ricotta", "name": "Ricotta, part-skim", "grams": 150.0, "note": ""}, {"ingredient_id": "strawberries", "name": "Strawberries", "grams": 120.0, "note": ""}, {"ingredient_id": "cinnamon", "name": "Ground cinnamon", "grams": 1.0, "note": ""}, {"ingredient_id": "vanilla_extract", "name": "Vanilla extract", "grams": 2.0, "note": ""}, {"ingredient_id": "pistachios", "name": "Pistachios, shelled", "grams": 15.0, "note": ""}, {"ingredient_id": "monk_fruit_sweetener", "name": "Monk fruit/erythritol sweetener", "grams": 3.0, "note": ""}] | N20: 338 | O20: 20.4 | P20: 19.1 | Q20: 22 | R20: 4.5 | S20: 17.5 | T20: 26 | U20: low | V20: 4.5 | W20: low | Y20: 54% of this dish's available carbohydrate comes from ingredients with a published, measured GI; the rest uses conventional placeholders (see Ingredients sheet) | Z20: 54 | AA20: vegetarian, gluten-free, no-cook, quick | AB20: 1. Whisk ricotta with vanilla, cinnamon and sweetener until fluffy. 2. Spoon into a bowl and top with sliced strawberries. 3. Sprinkle with chopped pistachios. | AC20: ["Whisk ricotta with vanilla, cinnamon and sweetener until fluffy.", "Spoon into a bowl and top with sliced strawberries.", "Sprinkle with chopped pistachios."]
A21: DB-0020 | B21: Huevos Rancheros with Black Beans | C21: Breakfast | D21: Mexican | E21: 2 | F21: 10 | G21: 15 | H21: 25 | I21: huevos-rancheros-with-black-beans.jpg | J21: Huevos Rancheros with Black Beans, healthy food photography, plated, natural light | L21: Corn tortilla — 50 g (1.8 oz) [2 small tortillas] Egg, large (50 g each) — 200 g (7.1 oz) [4 large eggs] Black beans, cooked — 150 g (5.3 oz) Salsa, no sugar added — 120 g (4.2 oz) Avocado — 60 g (2.1 oz) Cotija cheese — 20 g (0.7 oz) Fresh cilantro — 8 g (0.3 oz) Extra-virgin olive oil — 10 g (0.4 oz) Ground cumin — 1 g (0.0 oz) | M21: [{"ingredient_id": "corn_tortilla", "name": "Corn tortilla", "grams": 50.0, "note": "2 small tortillas"}, {"ingredient_id": "egg", "name": "Egg, large (50 g each)", "grams": 200.0, "note": "4 large eggs"}, {"ingredient_id": "black_beans", "name": "Black beans, cooked", "grams": 150.0, "note": ""}, {"ingredient_id": "salsa", "name": "Salsa, no sugar added", "grams": 120.0, "note": ""}, {"ingredient_id": "avocado", "name": "Avocado", "grams": 60.0, "note": ""}, {"ingredient_id": "cotija", "name": "Cotija cheese", "grams": 20.0, "note": ""}, {"ingredient_id": "cilantro", "name": "Fresh cilantro", "grams": 8.0, "note": ""}, {"ingredient_id": "olive_oil", "name": "Extra-virgin olive oil", "grams": 10.0, "note": ""}, {"ingredient_id": "cumin", "name": "Ground cumin", "grams": 1.0, "note": ""}] | N21: 450 | O21: 24.4 | P21: 23.3 | Q21: 37.2 | R21: 11.2 | S21: 26.1 | T21: 36 | U21: low | V21: 9.4 | W21: low | Y21: 80% of this dish's available carbohydrate comes from ingredients with a published, measured GI; the rest uses conventional placeholders (see Ingredients sheet) | Z21: 80 | AA21: vegetarian, gluten-free, nut-free, high-fiber | AB21: 1. Warm black beans with cumin and mash lightly. 2. Toast tortillas in a dry skillet until pliable and lightly charred. 3. Fry the eggs in olive oil until the whites are set. 4. Top each tortilla with beans, two eggs, warm salsa, avocado, cotija and cilantro. | AC21: ["Warm black beans with cumin and mash lightly.", "Toast tortillas in a dry skillet until pliable and lightly charred.", "Fry the eggs in olive oil until the whites are set.", "Top each tortilla with beans, two eggs, warm salsa, avocado, cotija and cilantro."]
A22: DB-0021 | B22: Turkey Bacon, Egg & Cheese English Muffin | C22: Breakfast | D22: American | E22: 1 | F22: 5 | G22: 10 | H22: 15 | I22: turkey-bacon-egg-and-cheese-english-muffin.jpg | J22: Turkey Bacon, Egg & Cheese English Muffin, healthy food photography, plated, natural light | L22: Whole wheat English muffin — 57 g (2.0 oz) [1 muffin] Egg, large (50 g each) — 50 g (1.8 oz) [1 large egg] Turkey bacon — 30 g (1.1 oz) [2 slices] Cheddar cheese — 20 g (0.7 oz) Tomato — 40 g (1.4 oz) Extra-virgin olive oil — 3 g (0.1 oz) | M22: [{"ingredient_id": "whole_wheat_english_muffin", "name": "Whole wheat English muffin", "grams": 57.0, "note": "1 muffin"}, {"ingredient_id": "egg", "name": "Egg, large (50 g each)", "grams": 50.0, "note": "1 large egg"}, {"ingredient_id": "turkey_bacon", "name": "Turkey bacon", "grams": 30.0, "note": "2 slices"}, {"ingredient_id": "cheddar", "name": "Cheddar cheese", "grams": 20.0, "note": ""}, {"ingredient_id": "tomato", "name": "Tomato", "grams": 40.0, "note": ""}, {"ingredient_id": "olive_oil", "name": "Extra-virgin olive oil", "grams": 3.0, "note": ""}] | N22: 377 | O22: 21.8 | P22: 20.1 | Q22: 28.4 | R22: 4.5 | S22: 24 | T22: 41 | U22: low | V22: 9.8 | W22: low | Y22: 90% of this dish's available carbohydrate comes from ingredients with a published, measured GI; the rest uses conventional placeholders (see Ingredients sheet) | Z22: 90 | AA22: nut-free, quick | AB22: 1. Cook turkey bacon in a skillet until crisp; set aside. 2. Fry the egg in olive oil, breaking the yolk for a firmer sandwich. 3. Toast the English muffin and layer cheese, egg, bacon and tomato slices. 4. Close and serve warm. | AC22: ["Cook turkey bacon in a skillet until crisp; set aside.", "Fry the egg in olive oil, breaking the yolk for a firmer sandwich.", "Toast the English muffin and layer cheese, egg, bacon and tomato slices.", "Close and serve warm."]
A23: DB-0022 | B23: Zucchini & Goat Cheese Frittata | C23: Breakfast | D23: Mediterranean | E23: 4 | F23: 10 | G23: 22 | H23: 32 | I23: zucchini-and-goat-cheese-frittata.jpg | J23: Zucchini & Goat Cheese Frittata, healthy food photography, plated, natural light | L23: Egg, large (50 g each) — 350 g (12.3 oz) [7 large eggs] Zucchini — 250 g (8.8 oz) Goat cheese — 60 g (2.1 oz) Yellow onion — 60 g (2.1 oz) Extra-virgin olive oil — 12 g (0.4 oz) Fresh thyme — 2 g (0.1 oz) Salt — 2 g (0.1 oz) Black pepper — 1 g (0.0 oz) | M23: [{"ingredient_id": "egg", "name": "Egg, large (50 g each)", "grams": 350.0, "note": "7 large eggs"}, {"ingredient_id": "zucchini", "name": "Zucchini", "grams": 250.0, "note": ""}, {"ingredient_id": "goat_cheese", "name": "Goat cheese", "grams": 60.0, "note": ""}, {"ingredient_id": "onion", "name": "Yellow onion", "grams": 60.0, "note": ""}, {"ingredient_id": "olive_oil", "name": "Extra-virgin olive oil", "grams": 12.0, "note": ""}, {"ingredient_id": "thyme", "name": "Fresh thyme", "grams": 2.0, "note": ""}, {"ingredient_id": "salt", "name": "Salt", "grams": 2.0, "note": ""}, {"ingredient_id": "black_pepper", "name": "Black pepper", "grams": 1.0, "note": ""}] | N23: 224 | O23: 15.3 | P23: 16 | Q23: 4.2 | R23: 1 | S23: 3.2 | T23: 12 | U23: low | V23: 0.4 | W23: low | X23: Negligible carbohydrate (<5 g net/serving): GI has little practical meaning, glycemic load is what matters. | Y23: 0% of this dish's available carbohydrate comes from ingredients with a published, measured GI; the rest uses conventional placeholders (see Ingredients sheet) | Z23: 0 | AA23: vegetarian, gluten-free, nut-free, low-carb, make-ahead | AB23: 1. Preheat oven to 375°F. Sauté onion and grated zucchini in olive oil in an ovenproof skillet until moisture evaporates, 6 minutes. 2. Whisk eggs with thyme, salt and pepper and pour over the vegetables. 3. Dot with goat cheese and bake 15 minutes until just set. 4. Rest 5 minutes and cut into wedges. | AC23: ["Preheat oven to 375°F. Sauté onion and grated zucchini in olive oil in an ovenproof skillet until moisture evaporates, 6 minutes.", "Whisk eggs with thyme, salt and pepper and pour over the vegetables.", "Dot with goat cheese and bake 15 minutes until just set.", "Rest 5 minutes and cut into wedges."]
A24: DB-0023 | B24: Tofu Veggie Scramble | C24: Breakfast | D24: American | E24: 2 | F24: 10 | G24: 12 | H24: 22 | I24: tofu-veggie-scramble.jpg | J24: Tofu Veggie Scramble, healthy food photography, plated, natural light | L24: Tofu, extra-firm — 300 g (10.6 oz) Bell pepper — 80 g (2.8 oz) Spinach — 60 g (2.1 oz) Yellow onion — 40 g (1.4 oz) Ground turmeric — 2 g (0.1 oz) Nutritional yeast — 10 g (0.4 oz) Extra-virgin olive oil — 10 g (0.4 oz) Garlic powder — 1 g (0.0 oz) Salt — 2 g (0.1 oz) Black pepper — 1 g (0.0 oz) | M24: [{"ingredient_id": "tofu", "name": "Tofu, extra-firm", "grams": 300.0, "note": ""}, {"ingredient_id": "bell_pepper", "name": "Bell pepper", "grams": 80.0, "note": ""}, {"ingredient_id": "spinach", "name": "Spinach", "grams": 60.0, "note": ""}, {"ingredient_id": "onion", "name": "Yellow onion", "grams": 40.0, "note": ""}, {"ingredient_id": "turmeric", "name": "Ground turmeric", "grams": 2.0, "note": ""}, {"ingredient_id": "nutritional_yeast", "name": "Nutritional yeast", "grams": 10.0, "note": ""}, {"ingredient_id": "olive_oil", "name": "Extra-virgin olive oil", "grams": 10.0, "note": ""}, {"ingredient_id": "garlic_powder", "name": "Garlic powder", "grams": 1.0, "note": ""}, {"ingredient_id": "salt", "name": "Salt", "grams": 2.0, "note": ""}, {"ingredient_id": "black_pepper", "name": "Black pepper", "grams": 1.0, "note": ""}] | N24: 310 | O24: 29.7 | P24: 19.1 | Q24: 12.9 | R24: 6.5 | S24: 6.5 | T24: 15 | U24: low | V24: 1 | W24: low | Y24: 0% of this dish's available carbohydrate comes from ingredients with a published, measured GI; the rest uses conventional placeholders (see Ingredients sheet) | Z24: 0 | AA24: vegan, gluten-free, dairy-free, nut-free, low-carb, high-protein, quick | AB24: 1. Press the tofu and crumble it with your hands. 2. Sauté onion and bell pepper in olive oil for 4 minutes, add tofu, turmeric, garlic powder, salt and pepper and cook 5 minutes. 3. Stir in spinach and nutritional yeast and cook until wilted. 4. Serve hot with hot sauce if desired. | AC24: ["Press the tofu and crumble it with your hands.", "Sauté onion and bell pepper in olive oil for 4 minutes, add tofu, turmeric, garlic powder, salt and pepper and cook 5 minutes.", "Stir in spinach and nutritional yeast and cook until wilted.", "Serve hot with hot sauce if desired."]
A25: DB-0024 | B25: Salmon & Asparagus Egg Skillet | C25: Breakfast | D25: American | E25: 2 | F25: 5 | G25: 12 | H25: 17 | I25: salmon-and-asparagus-egg-skillet.jpg | J25: Salmon & Asparagus Egg Skillet, healthy food photography, plated, natural light | L25: Egg, large (50 g each) — 200 g (7.1 oz) [4 large eggs] Canned salmon — 120 g (4.2 oz) Asparagus — 150 g (5.3 oz) Green onions (scallions) — 20 g (0.7 oz) Extra-virgin olive oil — 10 g (0.4 oz) Lemon (with juice & zest) — 20 g (0.7 oz) Fresh dill — 3 g (0.1 oz) Salt — 1 g (0.0 oz) | M25: [{"ingredient_id": "egg", "name": "Egg, large (50 g each)", "grams": 200.0, "note": "4 large eggs"}, {"ingredient_id": "canned_salmon", "name": "Canned salmon", "grams": 120.0, "note": ""}, {"ingredient_id": "asparagus", "name": "Asparagus", "grams": 150.0, "note": ""}, {"ingredient_id": "green_onion", "name": "Green onions (scallions)", "grams": 20.0, "note": ""}, {"ingredient_id": "olive_oil", "name": "Extra-virgin olive oil", "grams": 10.0, "note": ""}, {"ingredient_id": "lemon", "name": "Lemon (with juice & zest)", "grams": 20.0, "note": ""}, {"ingredient_id": "dill", "name": "Fresh dill", "grams": 3.0, "note": ""}, {"ingredient_id": "salt", "name": "Salt", "grams": 1.0, "note": ""}] | N25: 293 | O25: 26.6 | P25: 18.2 | Q25: 5.4 | R25: 2.1 | S25: 3.2 | T25: 13 | U25: low | V25: 0.4 | W25: low | X25: Negligible carbohydrate (<5 g net/serving): GI has little practical meaning, glycemic load is what matters. | Y25: 0% of this dish's available carbohydrate comes from ingredients with a published, measured GI; the rest uses conventional placeholders (see Ingredients sheet) | Z25: 0 | AA25: pescatarian, gluten-free, dairy-free, nut-free, low-carb, high-protein, quick, omega-3 | AB25: 1. Sauté chopped asparagus in olive oil for 4 minutes until crisp-tender. 2. Add flaked salmon and green onion and warm through. 3. Pour in whisked eggs seasoned with salt and stir gently until softly scrambled. 4. Finish with dill and a squeeze of lemon. | AC25: ["Sauté chopped asparagus in olive oil for 4 minutes until crisp-tender.", "Add flaked salmon and green onion and warm through.", "Pour in whisked eggs seasoned with salt and stir gently until softly scrambled.", "Finish with dill and a squeeze of lemon."]
A26: DB-0025 | B26: Peanut Butter Chia Overnight Oats | C26: Breakfast | D26: American | E26: 1 | F26: 5 | G26: 0 | H26: 5 | I26: peanut-butter-chia-overnight-oats.jpg | J26: Peanut Butter Chia Overnight Oats, healthy food photography, plated, natural light | L26: Rolled oats, dry — 40 g (1.4 oz) Chia seeds — 10 g (0.4 oz) Almond milk, unsweetened — 180 g (6.3 oz) Peanut butter, natural — 16 g (0.6 oz) Greek yogurt, plain 2% — 60 g (2.1 oz) Strawberries — 60 g (2.1 oz) Ground cinnamon — 1 g (0.0 oz) | M26: [{"ingredient_id": "rolled_oats", "name": "Rolled oats, dry", "grams": 40.0, "note": ""}, {"ingredient_id": "chia_seeds", "name": "Chia seeds", "grams": 10.0, "note": ""}, {"ingredient_id": "almond_milk", "name": "Almond milk, unsweetened", "grams": 180.0, "note": ""}, {"ingredient_id": "peanut_butter", "name": "Peanut butter, natural", "grams": 16.0, "note": ""}, {"ingredient_id": "greek_yogurt", "name": "Greek yogurt, plain 2%", "grams": 60.0, "note": ""}, {"ingredient_id": "strawberries", "name": "Strawberries", "grams": 60.0, "note": ""}, {"ingredient_id": "cinnamon", "name": "Ground cinnamon", "grams": 1.0, "note": ""}] | N26: 387 | O26: 18.4 | P26: 17.3 | Q26: 43.5 | R26: 10.1 | S26: 33.4 | T26: 47 | U26: low | V26: 15.7 | W26: medium | Y26: 87% of this dish's available carbohydrate comes from ingredients with a published, measured GI; the rest uses conventional placeholders (see Ingredients sheet) | Z26: 87 | AA26: vegetarian, high-fiber, no-cook, make-ahead | AB26: 1. Stir oats, chia, almond milk, yogurt, peanut butter and cinnamon together in a jar. 2. Refrigerate overnight. 3. Top with sliced strawberries before eating. | AC26: ["Stir oats, chia, almond milk, yogurt, peanut butter and cinnamon together in a jar.", "Refrigerate overnight.", "Top with sliced strawberries before eating."]
A27: DB-0026 | B27: Breakfast Tacos with Eggs & Pico | C27: Breakfast | D27: Tex-Mex | E27: 2 | F27: 10 | G27: 8 | H27: 18 | I27: breakfast-tacos-with-eggs-and-pico.jpg | J27: Breakfast Tacos with Eggs & Pico, healthy food photography, plated, natural light | L27: Corn tortilla — 75 g (2.6 oz) [3 small tortillas] Egg, large (50 g each) — 150 g (5.3 oz) [3 large eggs] Pico de gallo — 90 g (3.2 oz) Avocado — 60 g (2.1 oz) Cheddar cheese — 30 g (1.1 oz) Fresh cilantro — 5 g (0.2 oz) Extra-virgin olive oil — 6 g (0.2 oz) Jalapeño — 10 g (0.4 oz) | M27: [{"ingredient_id": "corn_tortilla", "name": "Corn tortilla", "grams": 75.0, "note": "3 small tortillas"}, {"ingredient_id": "egg", "name": "Egg, large (50 g each)", "grams": 150.0, "note": "3 large eggs"}, {"ingredient_id": "pico_de_gallo", "name": "Pico de gallo", "grams": 90.0, "note": ""}, {"ingredient_id": "avocado", "name": "Avocado", "grams": 60.0, "note": ""}, {"ingredient_id": "cheddar", "name": "Cheddar cheese", "grams": 30.0, "note": ""}, {"ingredient_id": "cilantro", "name": "Fresh cilantro", "grams": 5.0, "note": ""}, {"ingredient_id": "olive_oil", "name": "Extra-virgin olive oil", "grams": 6.0, "note": ""}, {"ingredient_id": "jalapeno", "name": "Jalapeño", "grams": 10.0, "note": ""}] | N27: 335 | O27: 16.1 | P27: 20.8 | Q27: 22.6 | R27: 5.1 | S27: 17.5 | T27: 45 | U27: low | V27: 7.9 | W27: low | Y27: 83% of this dish's available carbohydrate comes from ingredients with a published, measured GI; the rest uses conventional placeholders (see Ingredients sheet) | Z27: 83 | AA27: vegetarian, gluten-free, nut-free, quick | AB27: 1. Whisk the eggs and scramble softly in olive oil. 2. Warm tortillas in a dry skillet. 3. Fill each with eggs, cheddar, pico de gallo, avocado and sliced jalapeño. 4. Top with cilantro and serve. | AC27: ["Whisk the eggs and scramble softly in olive oil.", "Warm tortillas in a dry skillet.", "Fill each with eggs, cheddar, pico de gallo, avocado and sliced jalapeño.", "Top with cilantro and serve."]
A28: DB-0027 | B28: Cauliflower Hash Browns with Fried Eggs | C28: Breakfast | D28: American | E28: 2 | F28: 15 | G28: 15 | H28: 30 | I28: cauliflower-hash-browns-with-fried-eggs.jpg | J28: Cauliflower Hash Browns with Fried Eggs, healthy food photography, plated, natural light | L28: Cauliflower rice — 300 g (10.6 oz) Egg, large (50 g each) — 200 g (7.1 oz) [4 large eggs (2 in hash)] Parmesan, grated — 30 g (1.1 oz) Green onions (scallions) — 20 g (0.7 oz) Garlic powder — 1 g (0.0 oz) Extra-virgin olive oil — 15 g (0.5 oz) Salt — 2 g (0.1 oz) | M28: [{"ingredient_id": "cauliflower_rice", "name": "Cauliflower rice", "grams": 300.0, "note": ""}, {"ingredient_id": "egg", "name": "Egg, large (50 g each)", "grams": 200.0, "note": "4 large eggs (2 in hash)"}, {"ingredient_id": "parmesan", "name": "Parmesan, grated", "grams": 30.0, "note": ""}, {"ingredient_id": "green_onion", "name": "Green onions (scallions)", "grams": 20.0, "note": ""}, {"ingredient_id": "garlic_powder", "name": "Garlic powder", "grams": 1.0, "note": ""}, {"ingredient_id": "olive_oil", "name": "Extra-virgin olive oil", "grams": 15.0, "note": ""}, {"ingredient_id": "salt", "name": "Salt", "grams": 2.0, "note": ""}] | N28: 316 | O28: 21.4 | P28: 21.8 | Q28: 9.9 | R28: 3.3 | S28: 6.6 | T28: 12 | U28: low | V28: 0.8 | W28: low | Y28: 0% of this dish's available carbohydrate comes from ingredients with a published, measured GI; the rest uses conventional placeholders (see Ingredients sheet) | Z28: 0 | AA28: vegetarian, gluten-free, nut-free, low-carb | AB28: 1. Microwave cauliflower rice 4 minutes, cool and squeeze dry in a clean towel. 2. Mix with 2 beaten eggs, parmesan, green onion, garlic powder and salt; form 4 patties. 3. Pan-fry in olive oil 4–5 minutes per side until golden and crisp. 4. Fry the remaining 2 eggs and serve on top of the hash browns. | AC28: ["Microwave cauliflower rice 4 minutes, cool and squeeze dry in a clean towel.", "Mix with 2 beaten eggs, parmesan, green onion, garlic powder and salt; form 4 patties.", "Pan-fry in olive oil 4–5 minutes per side until golden and crisp.", "Fry the remaining 2 eggs and serve on top of the hash browns."]
A29: DB-0028 | B29: Denver Omelet | C29: Breakfast | D29: American | E29: 1 | F29: 5 | G29: 10 | H29: 15 | I29: denver-omelet.jpg | J29: Denver Omelet, healthy food photography, plated, natural light | L29: Egg, large (50 g each) — 150 g (5.3 oz) [3 large eggs] Ham, lean — 50 g (1.8 oz) Bell pepper — 50 g (1.8 oz) Yellow onion — 30 g (1.1 oz) Cheddar cheese — 25 g (0.9 oz) Extra-virgin olive oil — 6 g (0.2 oz) Salt — 1 g (0.0 oz) Black pepper — 1 g (0.0 oz) | M29: [{"ingredient_id": "egg", "name": "Egg, large (50 g each)", "grams": 150.0, "note": "3 large eggs"}, {"ingredient_id": "ham", "name": "Ham, lean", "grams": 50.0, "note": ""}, {"ingredient_id": "bell_pepper", "name": "Bell pepper", "grams": 50.0, "note": ""}, {"ingredient_id": "onion", "name": "Yellow onion", "grams": 30.0, "note": ""}, {"ingredient_id": "cheddar", "name": "Cheddar cheese", "grams": 25.0, "note": ""}, {"ingredient_id": "olive_oil", "name": "Extra-virgin olive oil", "grams": 6.0, "note": ""}, {"ingredient_id": "salt", "name": "Salt", "grams": 1.0, "note": ""}, {"ingredient_id": "black_pepper", "name": "Black pepper", "grams": 1.0, "note": ""}] | N29: 471 | O29: 36.1 | P29: 31.7 | Q29: 8.6 | R29: 1.8 | S29: 6.7 | T29: 10 | U29: low | V29: 0.7 | W29: low | Y29: 0% of this dish's available carbohydrate comes from ingredients with a published, measured GI; the rest uses conventional placeholders (see Ingredients sheet) | Z29: 0 | AA29: gluten-free, nut-free, low-carb, high-protein, quick | AB29: 1. Sauté diced ham, bell pepper and onion in olive oil for 4 minutes. 2. Pour in whisked, seasoned eggs and cook until nearly set. 3. Sprinkle cheddar over one half, fold and cook 1 minute more. 4. Slide onto a plate. | AC29: ["Sauté diced ham, bell pepper and onion in olive oil for 4 minutes.", "Pour in whisked, seasoned eggs and cook until nearly set.", "Sprinkle cheddar over one half, fold and cook 1 minute more.", "Slide onto a plate."]
A30: DB-0029 | B30: Apple Cinnamon Baked Oatmeal Cups | C30: Breakfast | D30: American | E30: 6 | F30: 10 | G30: 25 | H30: 35 | I30: apple-cinnamon-baked-oatmeal-cups.jpg | J30: Apple Cinnamon Baked Oatmeal Cups, healthy food photography, plated, natural light | L30: Rolled oats, dry — 150 g (5.3 oz) Apple — 150 g (5.3 oz) Egg, large (50 g each) — 100 g (3.5 oz) [2 large eggs] Almond milk, unsweetened — 200 g (7.1 oz) Greek yogurt, plain 2% — 100 g (3.5 oz) Walnuts — 40 g (1.4 oz) Ground cinnamon — 4 g (0.1 oz) Baking powder — 4 g (0.1 oz) Monk fruit/erythritol sweetener — 15 g (0.5 oz) Vanilla extract — 4 g (0.1 oz) | M30: [{"ingredient_id": "rolled_oats", "name": "Rolled oats, dry", "grams": 150.0, "note": ""}, {"ingredient_id": "apple", "name": "Apple", "grams": 150.0, "note": ""}, {"ingredient_id": "egg", "name": "Egg, large (50 g each)", "grams": 100.0, "note": "2 large eggs"}, {"ingredient_id": "almond_milk", "name": "Almond milk, unsweetened", "grams": 200.0, "note": ""}, {"ingredient_id": "greek_yogurt", "name": "Greek yogurt, plain 2%", "grams": 100.0, "note": ""}, {"ingredient_id": "walnuts", "name": "Walnuts", "grams": 40.0, "note": ""}, {"ingredient_id": "cinnamon", "name": "Ground cinnamon", "grams": 4.0, "note": ""}, {"ingredient_id": "baking_powder", "name": "Baking powder", "grams": 4.0, "note": ""}, {"ingredient_id": "monk_fruit_sweetener", "name": "Monk fruit/erythritol sweetener", "grams": 15.0, "note": ""}, {"ingredient_id": "vanilla_extract", "name": "Vanilla extract", "grams": 4.0, "note": ""}] | N30: 196 | O30: 8.3 | P30: 8.3 | Q30: 23.2 | R30: 3.9 | S30: 19.3 | T30: 49 | U30: low | V30: 9.5 | W30: low | Y30: 93% of this dish's available carbohydrate comes from ingredients with a published, measured GI; the rest uses conventional placeholders (see Ingredients sheet) | Z30: 93 | AA30: vegetarian, make-ahead, meal-prep | AB30: 1. Preheat oven to 350°F and line a muffin tin. 2. Whisk eggs, almond milk, yogurt, vanilla and sweetener; stir in oats, cinnamon, baking powder, diced apple and walnuts. 3. Divide into 12 cups and bake 22–25 minutes until set. 4. Cool completely; keep refrigerated 5 days or freeze. | AC30: ["Preheat oven to 350°F and line a muffin tin.", "Whisk eggs, almond milk, yogurt, vanilla and sweetener; stir in oats, cinnamon, baking powder, diced apple and walnuts.", "Divide into 12 cups and bake 22–25 minutes until set.", "Cool completely; keep refrigerated 5 days or freeze."]
A31: DB-0030 | B31: Lox Bagel Bowl (No Bagel) | C31: Breakfast | D31: American | E31: 1 | F31: 10 | G31: 0 | H31: 10 | I31: lox-bagel-bowl-no-bagel.jpg | J31: Lox Bagel Bowl (No Bagel), healthy food photography, plated, natural light | L31: Smoked salmon — 80 g (2.8 oz) Cottage cheese, low-fat — 120 g (4.2 oz) Cucumber — 80 g (2.8 oz) Tomato — 60 g (2.1 oz) Red onion — 20 g (0.7 oz) Capers — 8 g (0.3 oz) Everything bagel seasoning — 3 g (0.1 oz) Fresh dill — 3 g (0.1 oz) | M31: [{"ingredient_id": "smoked_salmon", "name": "Smoked salmon", "grams": 80.0, "note": ""}, {"ingredient_id": "cottage_cheese", "name": "Cottage cheese, low-fat", "grams": 120.0, "note": ""}, {"ingredient_id": "cucumber", "name": "Cucumber", "grams": 80.0, "note": ""}, {"ingredient_id": "tomato", "name": "Tomato", "grams": 60.0, "note": ""}, {"ingredient_id": "red_onion", "name": "Red onion", "grams": 20.0, "note": ""}, {"ingredient_id": "capers", "name": "Capers", "grams": 8.0, "note": ""}, {"ingredient_id": "everything_seasoning", "name": "Everything bagel seasoning", "grams": 3.0, "note": ""}, {"ingredient_id": "dill", "name": "Fresh dill", "grams": 3.0, "note": ""}] | N31: 239 | O31: 29.7 | P31: 7.1 | Q31: 13.7 | R31: 2.1 | S31: 11.7 | T31: 13 | U31: low | V31: 1.5 | W31: low | Y31: 0% of this dish's available carbohydrate comes from ingredients with a published, measured GI; the rest uses conventional placeholders (see Ingredients sheet) | Z31: 0 | AA31: pescatarian, gluten-free, nut-free, low-carb, high-protein, no-cook, quick | AB31: 1. Spread cottage cheese in a shallow bowl. 2. Arrange smoked salmon, sliced cucumber, tomato and red onion on top. 3. Scatter capers, dill and everything seasoning and serve. | AC31: ["Spread cottage cheese in a shallow bowl.", "Arrange smoked salmon, sliced cucumber, tomato and red onion on top.", "Scatter capers, dill and everything seasoning and serve."]
A32: DB-0031 | B32: Egg & Veggie Breakfast Quesadilla | C32: Breakfast | D32: Tex-Mex | E32: 1 | F32: 5 | G32: 10 | H32: 15 | I32: egg-and-veggie-breakfast-quesadilla.jpg | J32: Egg & Veggie Breakfast Quesadilla, healthy food photography, plated, natural light | L32: Low-carb high-fiber tortilla — 42 g (1.5 oz) [1 tortilla] Egg, large (50 g each) — 100 g (3.5 oz) [2 large eggs] Spinach — 40 g (1.4 oz) Mushrooms (cremini/white) — 50 g (1.8 oz) Mozzarella, part-skim — 30 g (1.1 oz) Salsa, no sugar added — 40 g (1.4 oz) Extra-virgin olive oil — 6 g (0.2 oz) | M32: [{"ingredient_id": "low_carb_tortilla", "name": "Low-carb high-fiber tortilla", "grams": 42.0, "note": "1 tortilla"}, {"ingredient_id": "egg", "name": "Egg, large (50 g each)", "grams": 100.0, "note": "2 large eggs"}, {"ingredient_id": "spinach", "name": "Spinach", "grams": 40.0, "note": ""}, {"ingredient_id": "mushrooms", "name": "Mushrooms (cremini/white)", "grams": 50.0, "note": ""}, {"ingredient_id": "mozzarella", "name": "Mozzarella, part-skim", "grams": 30.0, "note": ""}, {"ingredient_id": "salsa", "name": "Salsa, no sugar added", "grams": 40.0, "note": ""}, {"ingredient_id": "olive_oil", "name": "Extra-virgin olive oil", "grams": 6.0, "note": ""}] | N32: 412 | O32: 28.2 | P32: 24 | Q32: 24.3 | R32: 12.5 | S32: 11.8 | T32: 24 | U32: low | V32: 2.8 | W32: low | Y32: 0% of this dish's available carbohydrate comes from ingredients with a published, measured GI; the rest uses conventional placeholders (see Ingredients sheet) | Z32: 0 | AA32: vegetarian, nut-free, low-carb, high-protein, high-fiber, quick | AB32: 1. Sauté mushrooms and spinach in half the oil, add whisked eggs and scramble. 2. Place the tortilla in the pan, put cheese and eggs on one half and fold. 3. Cook 2 minutes per side in the remaining oil until crisp. 4. Cut into wedges and serve with salsa. | AC32: ["Sauté mushrooms and spinach in half the oil, add whisked eggs and scramble.", "Place the tortilla in the pan, put cheese and eggs on one half and fold.", "Cook 2 minutes per side in the remaining oil until crisp.", "Cut into wedges and serve with salsa."]
A33: DB-0032 | B33: Pumpkin Spice Protein Oats | C33: Breakfast | D33: American | E33: 1 | F33: 5 | G33: 8 | H33: 13 | I33: pumpkin-spice-protein-oats.jpg | J33: Pumpkin Spice Protein Oats, healthy food photography, plated, natural light | L33: Rolled oats, dry — 40 g (1.4 oz) Pumpkin puree, canned — 80 g (2.8 oz) Almond milk, unsweetened — 200 g (7.1 oz) Whey protein powder, unsweetened — 20 g (0.7 oz) Pumpkin pie spice — 2 g (0.1 oz) Pecans — 15 g (0.5 oz) Monk fruit/erythritol sweetener — 5 g (0.2 oz) | M33: [{"ingredient_id": "rolled_oats", "name": "Rolled oats, dry", "grams": 40.0, "note": ""}, {"ingredient_id": "pumpkin_puree", "name": "Pumpkin puree, canned", "grams": 80.0, "note": ""}, {"ingredient_id": "almond_milk", "name": "Almond milk, unsweetened", "grams": 200.0, "note": ""}, {"ingredient_id": "whey_protein", "name": "Whey protein powder, unsweetened", "grams": 20.0, "note": ""}, {"ingredient_id": "pumpkin_pie_spice", "name": "Pumpkin pie spice", "grams": 2.0, "note": ""}, {"ingredient_id": "pecans", "name": "Pecans", "grams": 15.0, "note": ""}, {"ingredient_id": "monk_fruit_sweetener", "name": "Monk fruit/erythritol sweetener", "grams": 5.0, "note": ""}] | N33: 395 | O33: 24.3 | P33: 17 | Q33: 40 | R33: 8.5 | S33: 31.4 | T33: 55 | U33: low | V33: 17.3 | W33: medium | Y33: 91% of this dish's available carbohydrate comes from ingredients with a published, measured GI; the rest uses conventional placeholders (see Ingredients sheet) | Z33: 91 | AA33: vegetarian, high-fiber, quick | AB33: 1. Simmer oats, pumpkin puree and almond milk for 6–7 minutes, stirring. 2. Remove from heat and stir in protein powder, spice and sweetener. 3. Top with chopped pecans. | AC33: ["Simmer oats, pumpkin puree and almond milk for 6–7 minutes, stirring.", "Remove from heat and stir in protein powder, spice and sweetener.", "Top with chopped pecans."]
A34: DB-0033 | B34: Caprese Egg Cups | C34: Breakfast | D34: Italian | E34: 4 | F34: 10 | G34: 20 | H34: 30 | I34: caprese-egg-cups.jpg | J34: Caprese Egg Cups, healthy food photography, plated, natural light | L34: Egg, large (50 g each) — 300 g (10.6 oz) [6 large eggs] Cherry tomatoes — 120 g (4.2 oz) Mozzarella, part-skim — 80 g (2.8 oz) Fresh basil — 10 g (0.4 oz) Milk, 2% — 40 g (1.4 oz) Salt — 2 g (0.1 oz) Extra-virgin olive oil — 5 g (0.2 oz) | M34: [{"ingredient_id": "egg", "name": "Egg, large (50 g each)", "grams": 300.0, "note": "6 large eggs"}, {"ingredient_id": "cherry_tomato", "name": "Cherry tomatoes", "grams": 120.0, "note": ""}, {"ingredient_id": "mozzarella", "name": "Mozzarella, part-skim", "grams": 80.0, "note": ""}, {"ingredient_id": "basil", "name": "Fresh basil", "grams": 10.0, "note": ""}, {"ingredient_id": "milk", "name": "Milk, 2%", "grams": 40.0, "note": ""}, {"ingredient_id": "salt", "name": "Salt", "grams": 2.0, "note": ""}, {"ingredient_id": "olive_oil", "name": "Extra-virgin olive oil", "grams": 5.0, "note": ""}] | N34: 180 | O34: 14.9 | P34: 11.8 | Q34: 2.8 | R34: 0.4 | S34: 2.4 | T34: 10 | U34: low | V34: 0.2 | W34: low | X34: Negligible carbohydrate (<5 g net/serving): GI has little practical meaning, glycemic load is what matters. | Y34: 20% of this dish's available carbohydrate comes from ingredients with a published, measured GI; the rest uses conventional placeholders (see Ingredients sheet) | Z34: 20 | AA34: vegetarian, gluten-free, nut-free, low-carb, make-ahead | AB34: 1. Preheat oven to 350°F and oil 8 muffin cups. 2. Divide halved tomatoes, mozzarella and basil among the cups. 3. Pour in whisked eggs with milk and salt and bake 18–20 minutes. 4. Cool 5 minutes before removing. | AC34: ["Preheat oven to 350°F and oil 8 muffin cups.", "Divide halved tomatoes, mozzarella and basil among the cups.", "Pour in whisked eggs with milk and salt and bake 18–20 minutes.", "Cool 5 minutes before removing."]
A35: DB-0034 | B35: Steak & Eggs with Sautéed Spinach | C35: Breakfast | D35: American | E35: 2 | F35: 5 | G35: 15 | H35: 20 | I35: steak-and-eggs-with-saut-ed-spinach.jpg | J35: Steak & Eggs with Sautéed Spinach, healthy food photography, plated, natural light | L35: Beef sirloin, trimmed — 220 g (7.8 oz) Egg, large (50 g each) — 200 g (7.1 oz) [4 large eggs] Spinach — 150 g (5.3 oz) Garlic — 5 g (0.2 oz) Extra-virgin olive oil — 15 g (0.5 oz) Salt — 2 g (0.1 oz) Black pepper — 1 g (0.0 oz) | M35: [{"ingredient_id": "beef_sirloin", "name": "Beef sirloin, trimmed", "grams": 220.0, "note": ""}, {"ingredient_id": "egg", "name": "Egg, large (50 g each)", "grams": 200.0, "note": "4 large eggs"}, {"ingredient_id": "spinach", "name": "Spinach", "grams": 150.0, "note": ""}, {"ingredient_id": "garlic", "name": "Garlic", "grams": 5.0, "note": ""}, {"ingredient_id": "olive_oil", "name": "Extra-virgin olive oil", "grams": 15.0, "note": ""}, {"ingredient_id": "salt", "name": "Salt", "grams": 2.0, "note": ""}, {"ingredient_id": "black_pepper", "name": "Black pepper", "grams": 1.0, "note": ""}] | N35: 375 | O35: 39.2 | P35: 22.3 | Q35: 4.5 | R35: 1.8 | S35: 2.7 | T35: 15 | U35: low | V35: 0.4 | W35: low | X35: Negligible carbohydrate (<5 g net/serving): GI has little practical meaning, glycemic load is what matters. | Y35: 0% of this dish's available carbohydrate comes from ingredients with a published, measured GI; the rest uses conventional placeholders (see Ingredients sheet) | Z35: 0 | AA35: gluten-free, dairy-free, nut-free, low-carb, high-protein | AB35: 1. Season the steak and sear in olive oil 3–4 minutes per side for medium; rest 5 minutes. 2. In the same pan, sauté garlic and spinach until wilted. 3. Fry the eggs to your liking. 4. Slice the steak and serve with eggs and spinach. | AC35: ["Season the steak and sear in olive oil 3–4 minutes per side for medium; rest 5 minutes.", "In the same pan, sauté garlic and spinach until wilted.", "Fry the eggs to your liking.", "Slice the steak and serve with eggs and spinach."]
A36: DB-0035 | B36: Berry Kefir Smoothie | C36: Breakfast | D36: American | E36: 1 | F36: 5 | G36: 0 | H36: 5 | I36: berry-kefir-smoothie.jpg | J36: Berry Kefir Smoothie, healthy food photography, plated, natural light | L36: Kefir, plain — 250 g (8.8 oz) Mixed berries, frozen — 100 g (3.5 oz) Ground flaxseed — 10 g (0.4 oz) Whey protein powder, unsweetened — 20 g (0.7 oz) Vanilla extract — 2 g (0.1 oz) | M36: [{"ingredient_id": "kefir", "name": "Kefir, plain", "grams": 250.0, "note": ""}, {"ingredient_id": "mixed_berries", "name": "Mixed berries, frozen", "grams": 100.0, "note": ""}, {"ingredient_id": "flaxseed", "name": "Ground flaxseed", "grams": 10.0, "note": ""}, {"ingredient_id": "whey_protein", "name": "Whey protein powder, unsweetened", "grams": 20.0, "note": ""}, {"ingredient_id": "vanilla_extract", "name": "Vanilla extract", "grams": 2.0, "note": ""}] | N36: 283 | O36: 26.5 | P36: 8.1 | Q36: 25.8 | R36: 6.9 | S36: 18.9 | T36: 36 | U36: low | V36: 6.8 | W36: low | Y36: 60% of this dish's available carbohydrate comes from ingredients with a published, measured GI; the rest uses conventional placeholders (see Ingredients sheet) | Z36: 60 | AA36: vegetarian, gluten-free, nut-free, high-protein, no-cook, quick, probiotic | AB36: 1. Blend kefir, berries, flaxseed, protein powder and vanilla until smooth. 2. Add ice if you like it thicker. 3. Serve immediately. | AC36: ["Blend kefir, berries, flaxseed, protein powder and vanilla until smooth.", "Add ice if you like it thicker.", "Serve immediately."]
A37: DB-0036 | B37: Mediterranean Breakfast Plate | C37: Breakfast | D37: Mediterranean | E37: 1 | F37: 10 | G37: 8 | H37: 18 | I37: mediterranean-breakfast-plate.jpg | J37: Mediterranean Breakfast Plate, healthy food photography, plated, natural light | L37: Egg, large (50 g each) — 100 g (3.5 oz) [2 hard-boiled eggs] Cucumber — 80 g (2.8 oz) Tomato — 80 g (2.8 oz) Olives (kalamata/green) — 25 g (0.9 oz) Feta cheese — 30 g (1.1 oz) Hummus — 50 g (1.8 oz) Whole wheat pita — 30 g (1.1 oz) [half pita] Extra-virgin olive oil — 5 g (0.2 oz) Za'atar — 2 g (0.1 oz) | M37: [{"ingredient_id": "egg", "name": "Egg, large (50 g each)", "grams": 100.0, "note": "2 hard-boiled eggs"}, {"ingredient_id": "cucumber", "name": "Cucumber", "grams": 80.0, "note": ""}, {"ingredient_id": "tomato", "name": "Tomato", "grams": 80.0, "note": ""}, {"ingredient_id": "olives", "name": "Olives (kalamata/green)", "grams": 25.0, "note": ""}, {"ingredient_id": "feta", "name": "Feta cheese", "grams": 30.0, "note": ""}, {"ingredient_id": "hummus", "name": "Hummus", "grams": 50.0, "note": ""}, {"ingredient_id": "whole_wheat_pita", "name": "Whole wheat pita", "grams": 30.0, "note": "half pita"}, {"ingredient_id": "olive_oil", "name": "Extra-virgin olive oil", "grams": 5.0, "note": ""}, {"ingredient_id": "zaatar", "name": "Za'atar", "grams": 2.0, "note": ""}] | N37: 490 | O37: 25.5 | P37: 29.5 | Q37: 34 | R37: 7.9 | S37: 26.1 | T37: 37 | U37: low | V37: 9.7 | W37: low | Y37: 70% of this dish's available carbohydrate comes from ingredients with a published, measured GI; the rest uses conventional placeholders (see Ingredients sheet) | Z37: 70 | AA37: vegetarian, nut-free, high-protein, high-fiber | AB37: 1. Hard-boil the eggs (8 minutes), cool and halve. 2. Arrange eggs, cucumber, tomato, olives and feta on a plate. 3. Add hummus drizzled with olive oil and za'atar, and the warmed pita half on the side. | AC37: ["Hard-boil the eggs (8 minutes), cool and halve.", "Arrange eggs, cucumber, tomato, olives and feta on a plate.", "Add hummus drizzled with olive oil and za'atar, and the warmed pita half on the side."]
A38: DB-0037 | B38: Cottage Cheese Egg Bites (Sous-Vide Style) | C38: Breakfast | D38: American | E38: 4 | F38: 10 | G38: 30 | H38: 40 | I38: cottage-cheese-egg-bites-sous-vide-style.jpg | J38: Cottage Cheese Egg Bites (Sous-Vide Style), healthy food photography, plated, natural light | L38: Egg, large (50 g each) — 300 g (10.6 oz) [6 large eggs] Cottage cheese, low-fat — 200 g (7.1 oz) Roasted red peppers, jarred — 60 g (2.1 oz) Spinach — 50 g (1.8 oz) Swiss cheese — 50 g (1.8 oz) Salt — 2 g (0.1 oz) Black pepper — 1 g (0.0 oz) | M38: [{"ingredient_id": "egg", "name": "Egg, large (50 g each)", "grams": 300.0, "note": "6 large eggs"}, {"ingredient_id": "cottage_cheese", "name": "Cottage cheese, low-fat", "grams": 200.0, "note": ""}, {"ingredient_id": "roasted_red_pepper", "name": "Roasted red peppers, jarred", "grams": 60.0, "note": ""}, {"ingredient_id": "spinach", "name": "Spinach", "grams": 50.0, "note": ""}, {"ingredient_id": "swiss_cheese", "name": "Swiss cheese", "grams": 50.0, "note": ""}, {"ingredient_id": "salt", "name": "Salt", "grams": 2.0, "note": ""}, {"ingredient_id": "black_pepper", "name": "Black pepper", "grams": 1.0, "note": ""}] | N38: 205 | O38: 18.9 | P38: 11.9 | Q38: 4.4 | R38: 0.6 | S38: 3.7 | T38: 9 | U38: low | V38: 0.3 | W38: low | X38: Negligible carbohydrate (<5 g net/serving): GI has little practical meaning, glycemic load is what matters. | Y38: 0% of this dish's available carbohydrate comes from ingredients with a published, measured GI; the rest uses conventional placeholders (see Ingredients sheet) | Z38: 0 | AA38: vegetarian, gluten-free, nut-free, low-carb, make-ahead, meal-prep | AB38: 1. Preheat oven to 325°F and set a silicone muffin pan in a larger pan of hot water. 2. Blend eggs, cottage cheese, salt and pepper until smooth. 3. Divide chopped pepper, spinach and cheese among 8 cups and pour in the egg mixture. 4. Bake in the water bath 28–30 minutes until just set. | AC38: ["Preheat oven to 325°F and set a silicone muffin pan in a larger pan of hot water.", "Blend eggs, cottage cheese, salt and pepper until smooth.", "Divide chopped pepper, spinach and cheese among 8 cups and pour in the egg mixture.", "Bake in the water bath 28–30 minutes until just set."]
A39: DB-0038 | B39: Sweet Potato & Turkey Breakfast Hash | C39: Breakfast | D39: American | E39: 3 | F39: 10 | G39: 25 | H39: 35 | I39: sweet-potato-and-turkey-breakfast-hash.jpg | J39: Sweet Potato & Turkey Breakfast Hash, healthy food photography, plated, natural light | L39: Ground turkey 93% lean — 300 g (10.6 oz) Sweet potato, boiled/simmered — 200 g (7.1 oz) Bell pepper — 120 g (4.2 oz) Yellow onion — 80 g (2.8 oz) Kale — 80 g (2.8 oz) Egg, large (50 g each) — 150 g (5.3 oz) [3 large eggs] Extra-virgin olive oil — 15 g (0.5 oz) Smoked paprika — 2 g (0.1 oz) Salt — 2 g (0.1 oz) | M39: [{"ingredient_id": "ground_turkey", "name": "Ground turkey 93% lean", "grams": 300.0, "note": ""}, {"ingredient_id": "sweet_potato", "name": "Sweet potato, boiled/simmered", "grams": 200.0, "note": ""}, {"ingredient_id": "bell_pepper", "name": "Bell pepper", "grams": 120.0, "note": ""}, {"ingredient_id": "onion", "name": "Yellow onion", "grams": 80.0, "note": ""}, {"ingredient_id": "kale", "name": "Kale", "grams": 80.0, "note": ""}, {"ingredient_id": "egg", "name": "Egg, large (50 g each)", "grams": 150.0, "note": "3 large eggs"}, {"ingredient_id": "olive_oil", "name": "Extra-virgin olive oil", "grams": 15.0, "note": ""}, {"ingredient_id": "smoked_paprika", "name": "Smoked paprika", "grams": 2.0, "note": ""}, {"ingredient_id": "salt", "name": "Salt", "grams": 2.0, "note": ""}] | N39: 361 | O39: 28 | P39: 18.3 | Q39: 21.3 | R39: 4.5 | S39: 16.8 | T39: 36 | U39: low | V39: 6 | W39: low | Y39: 68% of this dish's available carbohydrate comes from ingredients with a published, measured GI; the rest uses conventional placeholders (see Ingredients sheet) | Z39: 68 | AA39: gluten-free, dairy-free, nut-free, high-protein, one-pan | AB39: 1. Cook diced sweet potato in olive oil over medium heat, covered, for 8 minutes, stirring occasionally. 2. Add onion, pepper and turkey; cook until browned, seasoning with paprika and salt. 3. Stir in kale until wilted. Make three wells and crack an egg into each. 4. Cover and cook 5 minutes until the eggs are set. | AC39: ["Cook diced sweet potato in olive oil over medium heat, covered, for 8 minutes, stirring occasionally.", "Add onion, pepper and turkey; cook until browned, seasoning with paprika and salt.", "Stir in kale until wilted. Make three wells and crack an egg into each.", "Cover and cook 5 minutes until the eggs are set."]
A40: DB-0039 | B40: Egg Salad Lettuce Wraps | C40: Breakfast | D40: American | E40: 2 | F40: 15 | G40: 10 | H40: 25 | I40: egg-salad-lettuce-wraps.jpg | J40: Egg Salad Lettuce Wraps, healthy food photography, plated, natural light | L40: Egg, large (50 g each) — 250 g (8.8 oz) [5 hard-boiled eggs] Greek yogurt, plain 2% — 50 g (1.8 oz) Mayonnaise (avocado oil) — 15 g (0.5 oz) Dijon mustard — 8 g (0.3 oz) Celery — 40 g (1.4 oz) Fresh chives — 5 g (0.2 oz) Butter lettuce — 80 g (2.8 oz) Salt — 1 g (0.0 oz) Black pepper — 1 g (0.0 oz) | M40: [{"ingredient_id": "egg", "name": "Egg, large (50 g each)", "grams": 250.0, "note": "5 hard-boiled eggs"}, {"ingredient_id": "greek_yogurt", "name": "Greek yogurt, plain 2%", "grams": 50.0, "note": ""}, {"ingredient_id": "mayo", "name": "Mayonnaise (avocado oil)", "grams": 15.0, "note": ""}, {"ingredient_id": "dijon", "name": "Dijon mustard", "grams": 8.0, "note": ""}, {"ingredient_id": "celery", "name": "Celery", "grams": 40.0, "note": ""}, {"ingredient_id": "chives", "name": "Fresh chives", "grams": 5.0, "note": ""}, {"ingredient_id": "butter_lettuce", "name": "Butter lettuce", "grams": 80.0, "note": ""}, {"ingredient_id": "salt", "name": "Salt", "grams": 1.0, "note": ""}, {"ingredient_id": "black_pepper", "name": "Black pepper", "grams": 1.0, "note": ""}] | N40: 263 | O40: 19.2 | P40: 18.5 | Q40: 4 | R40: 1.1 | S40: 2.9 | T40: 9 | U40: low | V40: 0.3 | W40: low | X40: Negligible carbohydrate (<5 g net/serving): GI has little practical meaning, glycemic load is what matters. | Y40: 34% of this dish's available carbohydrate comes from ingredients with a published, measured GI; the rest uses conventional placeholders (see Ingredients sheet) | Z40: 34 | AA40: vegetarian, gluten-free, nut-free, low-carb, make-ahead | AB40: 1. Hard-boil the eggs, cool, peel and chop. 2. Mix with yogurt, mayo, Dijon, celery, chives, salt and pepper. 3. Spoon into butter lettuce leaves and serve. | AC40: ["Hard-boil the eggs, cool, peel and chop.", "Mix with yogurt, mayo, Dijon, celery, chives, salt and pepper.", "Spoon into butter lettuce leaves and serve."]
A41: DB-0040 | B41: Coconut Almond Chia Pudding | C41: Breakfast | D41: American | E41: 2 | F41: 5 | G41: 0 | H41: 5 | I41: coconut-almond-chia-pudding.jpg | J41: Coconut Almond Chia Pudding, healthy food photography, plated, natural light | L41: Chia seeds — 40 g (1.4 oz) Coconut milk, canned light — 250 g (8.8 oz) Almond milk, unsweetened — 100 g (3.5 oz) Coconut, unsweetened shredded — 10 g (0.4 oz) Almonds — 20 g (0.7 oz) Blackberries — 80 g (2.8 oz) Vanilla extract — 3 g (0.1 oz) Stevia (liquid) — 1 g (0.0 oz) | M41: [{"ingredient_id": "chia_seeds", "name": "Chia seeds", "grams": 40.0, "note": ""}, {"ingredient_id": "coconut_milk_light", "name": "Coconut milk, canned light", "grams": 250.0, "note": ""}, {"ingredient_id": "almond_milk", "name": "Almond milk, unsweetened", "grams": 100.0, "note": ""}, {"ingredient_id": "coconut_shredded", "name": "Coconut, unsweetened shredded", "grams": 10.0, "note": ""}, {"ingredient_id": "almonds", "name": "Almonds", "grams": 20.0, "note": ""}, {"ingredient_id": "blackberries", "name": "Blackberries", "grams": 80.0, "note": ""}, {"ingredient_id": "vanilla_extract", "name": "Vanilla extract", "grams": 3.0, "note": ""}, {"ingredient_id": "stevia", "name": "Stevia (liquid)", "grams": 1.0, "note": ""}] | N41: 302 | O41: 7.6 | P41: 22.7 | Q41: 19.3 | R41: 11 | S41: 8.3 | T41: 26 | U41: low | V41: 2.2 | W41: low | Y41: 0% of this dish's available carbohydrate comes from ingredients with a published, measured GI; the rest uses conventional placeholders (see Ingredients sheet) | Z41: 0 | AA41: vegan, gluten-free, dairy-free, low-carb, high-fiber, no-cook, make-ahead | AB41: 1. Whisk chia with both milks, vanilla and stevia; refrigerate overnight. 2. Toast coconut and almonds in a dry pan for 2 minutes. 3. Top the pudding with blackberries and the toasted mix. | AC41: ["Whisk chia with both milks, vanilla and stevia; refrigerate overnight.", "Toast coconut and almonds in a dry pan for 2 minutes.", "Top the pudding with blackberries and the toasted mix."]
A42: DB-0041 | B42: Spinach Mushroom Crustless Quiche | C42: Breakfast | D42: French | E42: 6 | F42: 15 | G42: 40 | H42: 55 | I42: spinach-mushroom-crustless-quiche.jpg | J42: Spinach Mushroom Crustless Quiche, healthy food photography, plated, natural light | L42: Egg, large (50 g each) — 300 g (10.6 oz) [6 large eggs] Milk, 2% — 150 g (5.3 oz) Greek yogurt, plain 2% — 100 g (3.5 oz) Spinach — 200 g (7.1 oz) Mushrooms (cremini/white) — 200 g (7.1 oz) Yellow onion — 80 g (2.8 oz) Swiss cheese — 100 g (3.5 oz) Extra-virgin olive oil — 12 g (0.4 oz) Ground nutmeg — 0.5 g (0.0 oz) Salt — 2 g (0.1 oz) | M42: [{"ingredient_id": "egg", "name": "Egg, large (50 g each)", "grams": 300.0, "note": "6 large eggs"}, {"ingredient_id": "milk", "name": "Milk, 2%", "grams": 150.0, "note": ""}, {"ingredient_id": "greek_yogurt", "name": "Greek yogurt, plain 2%", "grams": 100.0, "note": ""}, {"ingredient_id": "spinach", "name": "Spinach", "grams": 200.0, "note": ""}, {"ingredient_id": "mushrooms", "name": "Mushrooms (cremini/white)", "grams": 200.0, "note": ""}, {"ingredient_id": "onion", "name": "Yellow onion", "grams": 80.0, "note": ""}, {"ingredient_id": "swiss_cheese", "name": "Swiss cheese", "grams": 100.0, "note": ""}, {"ingredient_id": "olive_oil", "name": "Extra-virgin olive oil", "grams": 12.0, "note": ""}, {"ingredient_id": "nutmeg", "name": "Ground nutmeg", "grams": 0.5, "note": ""}, {"ingredient_id": "salt", "name": "Salt", "grams": 2.0, "note": ""}] | N42: 198 | O42: 15.4 | P42: 12.5 | Q42: 6 | R42: 1.3 | S42: 4.7 | T42: 16 | U42: low | V42: 0.8 | W42: low | X42: Negligible carbohydrate (<5 g net/serving): GI has little practical meaning, glycemic load is what matters. | Y42: 39% of this dish's available carbohydrate comes from ingredients with a published, measured GI; the rest uses conventional placeholders (see Ingredients sheet) | Z42: 39 | AA42: vegetarian, gluten-free, nut-free, low-carb, make-ahead | AB42: 1. Preheat oven to 350°F and oil a 9-inch pie dish. 2. Sauté onion and mushrooms in olive oil until dry and golden, add spinach and wilt. 3. Whisk eggs, milk, yogurt, nutmeg and salt; stir in the vegetables and cheese and pour into the dish. 4. Bake 35–40 minutes until the center is set. Rest 10 minutes. | AC42: ["Preheat oven to 350°F and oil a 9-inch pie dish.", "Sauté onion and mushrooms in olive oil until dry and golden, add spinach and wilt.", "Whisk eggs, milk, yogurt, nutmeg and salt; stir in the vegetables and cheese and pour into the dish.", "Bake 35–40 minutes until the center is set. Rest 10 minutes."]
A43: DB-0042 | B43: Protein Waffles (Oat & Cottage Cheese) | C43: Breakfast | D43: American | E43: 2 | F43: 5 | G43: 10 | H43: 15 | I43: protein-waffles-oat-and-cottage-cheese.jpg | J43: Protein Waffles (Oat & Cottage Cheese), healthy food photography, plated, natural light | L43: Rolled oats, dry — 60 g (2.1 oz) Cottage cheese, low-fat — 150 g (5.3 oz) Egg, large (50 g each) — 100 g (3.5 oz) [2 large eggs] Baking powder — 3 g (0.1 oz) Vanilla extract — 3 g (0.1 oz) Ground cinnamon — 1 g (0.0 oz) Strawberries — 100 g (3.5 oz) Greek yogurt, plain 2% — 80 g (2.8 oz) | M43: [{"ingredient_id": "rolled_oats", "name": "Rolled oats, dry", "grams": 60.0, "note": ""}, {"ingredient_id": "cottage_cheese", "name": "Cottage cheese, low-fat", "grams": 150.0, "note": ""}, {"ingredient_id": "egg", "name": "Egg, large (50 g each)", "grams": 100.0, "note": "2 large eggs"}, {"ingredient_id": "baking_powder", "name": "Baking powder", "grams": 3.0, "note": ""}, {"ingredient_id": "vanilla_extract", "name": "Vanilla extract", "grams": 3.0, "note": ""}, {"ingredient_id": "cinnamon", "name": "Ground cinnamon", "grams": 1.0, "note": ""}, {"ingredient_id": "strawberries", "name": "Strawberries", "grams": 100.0, "note": ""}, {"ingredient_id": "greek_yogurt", "name": "Greek yogurt, plain 2%", "grams": 80.0, "note": ""}] | N43: 300 | O43: 22.8 | P43: 9.4 | Q43: 30.4 | R43: 4.3 | S43: 26.2 | T43: 44 | U43: low | V43: 11.5 | W43: medium | Y43: 83% of this dish's available carbohydrate comes from ingredients with a published, measured GI; the rest uses conventional placeholders (see Ingredients sheet) | Z43: 83 | AA43: vegetarian, nut-free | AB43: 1. Blend oats, cottage cheese, eggs, baking powder, vanilla and cinnamon into a smooth batter. 2. Cook in a preheated, lightly greased waffle iron until golden, about 4 minutes per waffle. 3. Serve with Greek yogurt and sliced strawberries. | AC43: ["Blend oats, cottage cheese, eggs, baking powder, vanilla and cinnamon into a smooth batter.", "Cook in a preheated, lightly greased waffle iron until golden, about 4 minutes per waffle.", "Serve with Greek yogurt and sliced strawberries."]
A44: DB-0043 | B44: Breakfast Salad with Poached Egg | C44: Breakfast | D44: American | E44: 1 | F44: 10 | G44: 5 | H44: 15 | I44: breakfast-salad-with-poached-egg.jpg | J44: Breakfast Salad with Poached Egg, healthy food photography, plated, natural light | L44: Mixed salad greens — 80 g (2.8 oz) Egg, large (50 g each) — 100 g (3.5 oz) [2 large eggs] Avocado — 50 g (1.8 oz) Cherry tomatoes — 80 g (2.8 oz) Pumpkin seeds (pepitas) — 10 g (0.4 oz) Extra-virgin olive oil — 8 g (0.3 oz) Lemon juice — 8 g (0.3 oz) Salt — 1 g (0.0 oz) | M44: [{"ingredient_id": "mixed_greens", "name": "Mixed salad greens", "grams": 80.0, "note": ""}, {"ingredient_id": "egg", "name": "Egg, large (50 g each)", "grams": 100.0, "note": "2 large eggs"}, {"ingredient_id": "avocado", "name": "Avocado", "grams": 50.0, "note": ""}, {"ingredient_id": "cherry_tomato", "name": "Cherry tomatoes", "grams": 80.0, "note": ""}, {"ingredient_id": "pumpkin_seeds", "name": "Pumpkin seeds (pepitas)", "grams": 10.0, "note": ""}, {"ingredient_id": "olive_oil", "name": "Extra-virgin olive oil", "grams": 8.0, "note": ""}, {"ingredient_id": "lemon_juice", "name": "Lemon juice", "grams": 8.0, "note": ""}, {"ingredient_id": "salt", "name": "Salt", "grams": 1.0, "note": ""}] | N44: 382 | O44: 19 | P44: 30.3 | Q44: 12.5 | R44: 6.5 | S44: 6 | T44: 14 | U44: low | V44: 0.8 | W44: low | Y44: 0% of this dish's available carbohydrate comes from ingredients with a published, measured GI; the rest uses conventional placeholders (see Ingredients sheet) | Z44: 0 | AA44: vegetarian, gluten-free, dairy-free, nut-free, low-carb, quick | AB44: 1. Poach the eggs in simmering water with a splash of vinegar for 3 minutes. 2. Toss greens with olive oil, lemon juice and salt. 3. Top with avocado, tomatoes, pumpkin seeds and the poached eggs. | AC44: ["Poach the eggs in simmering water with a splash of vinegar for 3 minutes.", "Toss greens with olive oil, lemon juice and salt.", "Top with avocado, tomatoes, pumpkin seeds and the poached eggs."]
A45: DB-0044 | B45: Chorizo-Style Turkey Breakfast Skillet | C45: Breakfast | D45: Mexican | E45: 3 | F45: 10 | G45: 20 | H45: 30 | I45: chorizo-style-turkey-breakfast-skillet.jpg | J45: Chorizo-Style Turkey Breakfast Skillet, healthy food photography, plated, natural light | L45: Ground turkey 93% lean — 350 g (12.3 oz) Chili powder — 6 g (0.2 oz) Smoked paprika — 3 g (0.1 oz) Ground cumin — 2 g (0.1 oz) Apple cider vinegar — 10 g (0.4 oz) Egg, large (50 g each) — 150 g (5.3 oz) [3 large eggs] Bell pepper — 120 g (4.2 oz) Yellow onion — 60 g (2.1 oz) Extra-virgin olive oil — 12 g (0.4 oz) Fresh cilantro — 8 g (0.3 oz) Salt — 2 g (0.1 oz) | M45: [{"ingredient_id": "ground_turkey", "name": "Ground turkey 93% lean", "grams": 350.0, "note": ""}, {"ingredient_id": "chili_powder", "name": "Chili powder", "grams": 6.0, "note": ""}, {"ingredient_id": "smoked_paprika", "name": "Smoked paprika", "grams": 3.0, "note": ""}, {"ingredient_id": "cumin", "name": "Ground cumin", "grams": 2.0, "note": ""}, {"ingredient_id": "apple_cider_vinegar", "name": "Apple cider vinegar", "grams": 10.0, "note": ""}, {"ingredient_id": "egg", "name": "Egg, large (50 g each)", "grams": 150.0, "note": "3 large eggs"}, {"ingredient_id": "bell_pepper", "name": "Bell pepper", "grams": 120.0, "note": ""}, {"ingredient_id": "onion", "name": "Yellow onion", "grams": 60.0, "note": ""}, {"ingredient_id": "olive_oil", "name": "Extra-virgin olive oil", "grams": 12.0, "note": ""}, {"ingredient_id": "cilantro", "name": "Fresh cilantro", "grams": 8.0, "note": ""}, {"ingredient_id": "salt", "name": "Salt", "grams": 2.0, "note": ""}] | N45: 315 | O45: 29.3 | P45: 18.8 | Q45: 6.6 | R45: 2.4 | S45: 4.2 | T45: 14 | U45: low | V45: 0.6 | W45: low | X45: Negligible carbohydrate (<5 g net/serving): GI has little practical meaning, glycemic load is what matters. | Y45: 0% of this dish's available carbohydrate comes from ingredients with a published, measured GI; the rest uses conventional placeholders (see Ingredients sheet) | Z45: 0 | AA45: gluten-free, dairy-free, nut-free, low-carb, high-protein, one-pan | AB45: 1. Mix turkey with chili powder, paprika, cumin, vinegar and salt to make a quick chorizo. 2. Brown the turkey mixture with onion and pepper in olive oil, breaking it up, about 10 minutes. 3. Make wells, crack in the eggs, cover and cook until set. 4. Sprinkle with cilantro. | AC45: ["Mix turkey with chili powder, paprika, cumin, vinegar and salt to make a quick chorizo.", "Brown the turkey mixture with onion and pepper in olive oil, breaking it up, about 10 minutes.", "Make wells, crack in the eggs, cover and cook until set.", "Sprinkle with cilantro."]
A46: DB-0045 | B46: Blueberry Cottage Cheese Pancakes | C46: Breakfast | D46: American | E46: 2 | F46: 5 | G46: 12 | H46: 17 | I46: blueberry-cottage-cheese-pancakes.jpg | J46: Blueberry Cottage Cheese Pancakes, healthy food photography, plated, natural light | L46: Cottage cheese, low-fat — 200 g (7.1 oz) Egg, large (50 g each) — 100 g (3.5 oz) [2 large eggs] Rolled oats, dry — 50 g (1.8 oz) Blueberries — 80 g (2.8 oz) Vanilla extract — 3 g (0.1 oz) Baking powder — 3 g (0.1 oz) Coconut oil — 8 g (0.3 oz) | M46: [{"ingredient_id": "cottage_cheese", "name": "Cottage cheese, low-fat", "grams": 200.0, "note": ""}, {"ingredient_id": "egg", "name": "Egg, large (50 g each)", "grams": 100.0, "note": "2 large eggs"}, {"ingredient_id": "rolled_oats", "name": "Rolled oats, dry", "grams": 50.0, "note": ""}, {"ingredient_id": "blueberries", "name": "Blueberries", "grams": 80.0, "note": ""}, {"ingredient_id": "vanilla_extract", "name": "Vanilla extract", "grams": 3.0, "note": ""}, {"ingredient_id": "baking_powder", "name": "Baking powder", "grams": 3.0, "note": ""}, {"ingredient_id": "coconut_oil", "name": "Coconut oil", "grams": 8.0, "note": ""}] | N46: 313 | O46: 20.8 | P46: 12.8 | Q46: 28.1 | R46: 3.5 | S46: 24.6 | T46: 46 | U46: low | V46: 11.3 | W46: medium | Y46: 79% of this dish's available carbohydrate comes from ingredients with a published, measured GI; the rest uses conventional placeholders (see Ingredients sheet) | Z46: 79 | AA46: vegetarian, nut-free | AB46: 1. Blend cottage cheese, eggs, oats, vanilla and baking powder until smooth. 2. Fold in blueberries and let batter rest 5 minutes. 3. Cook small pancakes in coconut oil over medium-low heat, 2–3 minutes per side. | AC46: ["Blend cottage cheese, eggs, oats, vanilla and baking powder until smooth.", "Fold in blueberries and let batter rest 5 minutes.", "Cook small pancakes in coconut oil over medium-low heat, 2–3 minutes per side."]
A47: DB-0046 | B47: Eggs Benedict on Portobello with Yogurt Hollandaise | C47: Breakfast | D47: American | E47: 2 | F47: 10 | G47: 15 | H47: 25 | I47: eggs-benedict-on-portobello-with-yogurt-hollandaise.jpg | J47: Eggs Benedict on Portobello with Yogurt Hollandaise, healthy food photography, plated, natural light | L47: Portobello mushrooms — 200 g (7.1 oz) [2 large caps] Egg, large (50 g each) — 200 g (7.1 oz) [4 large eggs] Canadian bacon — 80 g (2.8 oz) Greek yogurt, plain 2% — 80 g (2.8 oz) Lemon juice — 8 g (0.3 oz) Dijon mustard — 5 g (0.2 oz) Butter — 10 g (0.4 oz) Extra-virgin olive oil — 8 g (0.3 oz) Fresh chives — 3 g (0.1 oz) | M47: [{"ingredient_id": "portobello", "name": "Portobello mushrooms", "grams": 200.0, "note": "2 large caps"}, {"ingredient_id": "egg", "name": "Egg, large (50 g each)", "grams": 200.0, "note": "4 large eggs"}, {"ingredient_id": "canadian_bacon", "name": "Canadian bacon", "grams": 80.0, "note": ""}, {"ingredient_id": "greek_yogurt", "name": "Greek yogurt, plain 2%", "grams": 80.0, "note": ""}, {"ingredient_id": "lemon_juice", "name": "Lemon juice", "grams": 8.0, "note": ""}, {"ingredient_id": "dijon", "name": "Dijon mustard", "grams": 5.0, "note": ""}, {"ingredient_id": "butter", "name": "Butter", "grams": 10.0, "note": ""}, {"ingredient_id": "olive_oil", "name": "Extra-virgin olive oil", "grams": 8.0, "note": ""}, {"ingredient_id": "chives", "name": "Fresh chives", "grams": 3.0, "note": ""}] | N47: 312 | O47: 26.9 | P47: 19.7 | Q47: 7.1 | R47: 1.4 | S47: 5.6 | T47: 11 | U47: low | V47: 0.6 | W47: low | Y47: 28% of this dish's available carbohydrate comes from ingredients with a published, measured GI; the rest uses conventional placeholders (see Ingredients sheet) | Z47: 28 | AA47: gluten-free, nut-free, low-carb, high-protein | AB47: 1. Brush portobellos with olive oil and roast at 400°F for 12 minutes. 2. Whisk yogurt, lemon juice, Dijon and melted butter for a quick hollandaise; warm gently. 3. Poach the eggs 3 minutes and sear the Canadian bacon. 4. Stack mushroom, bacon and egg, spoon sauce over and top with chives. | AC47: ["Brush portobellos with olive oil and roast at 400°F for 12 minutes.", "Whisk yogurt, lemon juice, Dijon and melted butter for a quick hollandaise; warm gently.", "Poach the eggs 3 minutes and sear the Canadian bacon.", "Stack mushroom, bacon and egg, spoon sauce over and top with chives."]
A48: DB-0047 | B48: Almond Butter Banana Protein Toast | C48: Breakfast | D48: American | E48: 1 | F48: 5 | G48: 3 | H48: 8 | I48: almond-butter-banana-protein-toast.jpg | J48: Almond Butter Banana Protein Toast, healthy food photography, plated, natural light | L48: Sprouted grain bread (Ezekiel-style) — 34 g (1.2 oz) [1 slice] Almond butter — 20 g (0.7 oz) Banana (small amount) — 40 g (1.4 oz) [1/3 banana] Hemp seeds — 8 g (0.3 oz) Ground cinnamon — 1 g (0.0 oz) | M48: [{"ingredient_id": "ezekiel_bread", "name": "Sprouted grain bread (Ezekiel-style)", "grams": 34.0, "note": "1 slice"}, {"ingredient_id": "almond_butter", "name": "Almond butter", "grams": 20.0, "note": ""}, {"ingredient_id": "banana", "name": "Banana (small amount)", "grams": 40.0, "note": "1/3 banana"}, {"ingredient_id": "hemp_seeds", "name": "Hemp seeds", "grams": 8.0, "note": ""}, {"ingredient_id": "cinnamon", "name": "Ground cinnamon", "grams": 1.0, "note": ""}] | N48: 285 | O48: 11.3 | P48: 15.8 | Q48: 29.5 | R48: 7 | S48: 22.5 | T48: 53 | U48: low | V48: 11.9 | W48: medium | Y48: 89% of this dish's available carbohydrate comes from ingredients with a published, measured GI; the rest uses conventional placeholders (see Ingredients sheet) | Z48: 89 | AA48: vegan, gluten-free, dairy-free, quick | AB48: 1. Toast the bread. 2. Spread with almond butter and top with thin banana slices. 3. Sprinkle with hemp seeds and cinnamon. | AC48: ["Toast the bread.", "Spread with almond butter and top with thin banana slices.", "Sprinkle with hemp seeds and cinnamon."]
A49: DB-0048 | B49: Ham & Asparagus Egg White Frittata | C49: Breakfast | D49: American | E49: 4 | F49: 10 | G49: 20 | H49: 30 | I49: ham-and-asparagus-egg-white-frittata.jpg | J49: Ham & Asparagus Egg White Frittata, healthy food photography, plated, natural light | L49: Egg whites — 400 g (14.1 oz) [about 13 egg whites] Egg, large (50 g each) — 100 g (3.5 oz) [2 whole eggs] Ham, lean — 120 g (4.2 oz) Asparagus — 200 g (7.1 oz) Parmesan, grated — 40 g (1.4 oz) Yellow onion — 50 g (1.8 oz) Extra-virgin olive oil — 10 g (0.4 oz) Black pepper — 1 g (0.0 oz) | M49: [{"ingredient_id": "egg_white", "name": "Egg whites", "grams": 400.0, "note": "about 13 egg whites"}, {"ingredient_id": "egg", "name": "Egg, large (50 g each)", "grams": 100.0, "note": "2 whole eggs"}, {"ingredient_id": "ham", "name": "Ham, lean", "grams": 120.0, "note": ""}, {"ingredient_id": "asparagus", "name": "Asparagus", "grams": 200.0, "note": ""}, {"ingredient_id": "parmesan", "name": "Parmesan, grated", "grams": 40.0, "note": ""}, {"ingredient_id": "onion", "name": "Yellow onion", "grams": 50.0, "note": ""}, {"ingredient_id": "olive_oil", "name": "Extra-virgin olive oil", "grams": 10.0, "note": ""}, {"ingredient_id": "black_pepper", "name": "Black pepper", "grams": 1.0, "note": ""}] | N49: 212 | O49: 25.5 | P49: 9.8 | Q49: 5 | R49: 1.3 | S49: 3.7 | T49: 8 | U49: low | V49: 0.3 | W49: low | X49: Negligible carbohydrate (<5 g net/serving): GI has little practical meaning, glycemic load is what matters. | Y49: 0% of this dish's available carbohydrate comes from ingredients with a published, measured GI; the rest uses conventional placeholders (see Ingredients sheet) | Z49: 0 | AA49: gluten-free, nut-free, low-carb, high-protein, make-ahead | AB49: 1. Preheat oven to 375°F. Sauté onion and asparagus pieces in oil in an ovenproof skillet for 4 minutes; add diced ham. 2. Whisk egg whites and eggs with pepper, pour over and sprinkle with parmesan. 3. Bake 15 minutes until set; slice into wedges. | AC49: ["Preheat oven to 375°F. Sauté onion and asparagus pieces in oil in an ovenproof skillet for 4 minutes; add diced ham.", "Whisk egg whites and eggs with pepper, pour over and sprinkle with parmesan.", "Bake 15 minutes until set; slice into wedges."]
A50: DB-0049 | B50: Chocolate Avocado Protein Smoothie | C50: Breakfast | D50: American | E50: 1 | F50: 5 | G50: 0 | H50: 5 | I50: chocolate-avocado-protein-smoothie.jpg | J50: Chocolate Avocado Protein Smoothie, healthy food photography, plated, natural light | L50: Almond milk, unsweetened — 300 g (10.6 oz) Avocado — 50 g (1.8 oz) Cocoa powder, unsweetened — 8 g (0.3 oz) Whey protein powder, unsweetened — 30 g (1.1 oz) Spinach — 30 g (1.1 oz) Monk fruit/erythritol sweetener — 5 g (0.2 oz) Water / ice — 60 g (2.1 oz) [ice] | M50: [{"ingredient_id": "almond_milk", "name": "Almond milk, unsweetened", "grams": 300.0, "note": ""}, {"ingredient_id": "avocado", "name": "Avocado", "grams": 50.0, "note": ""}, {"ingredient_id": "cocoa_powder", "name": "Cocoa powder, unsweetened", "grams": 8.0, "note": ""}, {"ingredient_id": "whey_protein", "name": "Whey protein powder, unsweetened", "grams": 30.0, "note": ""}, {"ingredient_id": "spinach", "name": "Spinach", "grams": 30.0, "note": ""}, {"ingredient_id": "monk_fruit_sweetener", "name": "Monk fruit/erythritol sweetener", "grams": 5.0, "note": ""}, {"ingredient_id": "water", "name": "Water / ice", "grams": 60.0, "note": "ice"}] | N50: 264 | O50: 28.7 | P50: 13.8 | Q50: 14.2 | R50: 7 | S50: 7.2 | T50: 23 | U50: low | V50: 1.7 | W50: low | Y50: 29% of this dish's available carbohydrate comes from ingredients with a published, measured GI; the rest uses conventional placeholders (see Ingredients sheet) | Z50: 29 | AA50: vegetarian, gluten-free, low-carb, high-protein, no-cook, quick | AB50: 1. Combine everything in a blender. 2. Blend until creamy and thick. 3. Serve immediately. | AC50: ["Combine everything in a blender.", "Blend until creamy and thick.", "Serve immediately."]
A51: DB-0050 | B51: Bacon, Egg & Avocado Breakfast Bowl | C51: Breakfast | D51: American | E51: 1 | F51: 5 | G51: 12 | H51: 17 | I51: bacon-egg-and-avocado-breakfast-bowl.jpg | J51: Bacon, Egg & Avocado Breakfast Bowl, healthy food photography, plated, natural light | L51: Bacon — 30 g (1.1 oz) [2 slices] Egg, large (50 g each) — 100 g (3.5 oz) [2 large eggs] Avocado — 70 g (2.5 oz) Cherry tomatoes — 80 g (2.8 oz) Arugula — 40 g (1.4 oz) Extra-virgin olive oil — 5 g (0.2 oz) Salt — 1 g (0.0 oz) | M51: [{"ingredient_id": "bacon", "name": "Bacon", "grams": 30.0, "note": "2 slices"}, {"ingredient_id": "egg", "name": "Egg, large (50 g each)", "grams": 100.0, "note": "2 large eggs"}, {"ingredient_id": "avocado", "name": "Avocado", "grams": 70.0, "note": ""}, {"ingredient_id": "cherry_tomato", "name": "Cherry tomatoes", "grams": 80.0, "note": ""}, {"ingredient_id": "arugula", "name": "Arugula", "grams": 40.0, "note": ""}, {"ingredient_id": "olive_oil", "name": "Extra-virgin olive oil", "grams": 5.0, "note": ""}, {"ingredient_id": "salt", "name": "Salt", "grams": 1.0, "note": ""}] | N51: 486 | O51: 26.9 | P51: 38 | Q51: 11.7 | R51: 6.3 | S51: 5.4 | T51: 12 | U51: low | V51: 0.6 | W51: low | Y51: 0% of this dish's available carbohydrate comes from ingredients with a published, measured GI; the rest uses conventional placeholders (see Ingredients sheet) | Z51: 0 | AA51: gluten-free, dairy-free, nut-free, low-carb, high-protein, quick | AB51: 1. Cook bacon until crisp; drain and crumble. 2. Fry the eggs in a little of the bacon fat or olive oil. 3. Fill a bowl with arugula, tomatoes and sliced avocado; add eggs and bacon and season. | AC51: ["Cook bacon until crisp; drain and crumble.", "Fry the eggs in a little of the bacon fat or olive oil.", "Fill a bowl with arugula, tomatoes and sliced avocado; add eggs and bacon and season."]
A52: DB-0051 | B52: Buckwheat Porridge with Cherries & Almonds | C52: Breakfast | D52: Eastern European | E52: 2 | F52: 5 | G52: 15 | H52: 20 | I52: buckwheat-porridge-with-cherries-and-almonds.jpg | J52: Buckwheat Porridge with Cherries & Almonds, healthy food photography, plated, natural light | L52: Buckwheat groats, cooked — 300 g (10.6 oz) [from 100 g dry groats] Almond milk, unsweetened — 200 g (7.1 oz) Cherries, pitted — 100 g (3.5 oz) Almonds — 20 g (0.7 oz) Ground cinnamon — 2 g (0.1 oz) Vanilla extract — 3 g (0.1 oz) | M52: [{"ingredient_id": "buckwheat", "name": "Buckwheat groats, cooked", "grams": 300.0, "note": "from 100 g dry groats"}, {"ingredient_id": "almond_milk", "name": "Almond milk, unsweetened", "grams": 200.0, "note": ""}, {"ingredient_id": "cherries", "name": "Cherries, pitted", "grams": 100.0, "note": ""}, {"ingredient_id": "almonds", "name": "Almonds", "grams": 20.0, "note": ""}, {"ingredient_id": "cinnamon", "name": "Ground cinnamon", "grams": 2.0, "note": ""}, {"ingredient_id": "vanilla_extract", "name": "Vanilla extract", "grams": 3.0, "note": ""}] | N52: 249 | O52: 8.4 | P52: 7.2 | Q52: 41.8 | R52: 6.9 | S52: 34.9 | T52: 45 | U52: low | V52: 15.7 | W52: medium | Y52: 94% of this dish's available carbohydrate comes from ingredients with a published, measured GI; the rest uses conventional placeholders (see Ingredients sheet) | Z52: 94 | AA52: vegan, gluten-free, dairy-free | AB52: 1. Warm cooked buckwheat with almond milk, cinnamon and vanilla until creamy, 5 minutes. 2. Divide into bowls. 3. Top with pitted cherries and sliced almonds. | AC52: ["Warm cooked buckwheat with almond milk, cinnamon and vanilla until creamy, 5 minutes.", "Divide into bowls.", "Top with pitted cherries and sliced almonds."]
A53: DB-0052 | B53: Egg-in-a-Hole Avocado | C53: Breakfast | D53: American | E53: 1 | F53: 5 | G53: 15 | H53: 20 | I53: egg-in-a-hole-avocado.jpg | J53: Egg-in-a-Hole Avocado, healthy food photography, plated, natural light | L53: Avocado — 140 g (4.9 oz) [1 avocado] Egg, large (50 g each) — 100 g (3.5 oz) [2 large eggs] Cheddar cheese — 20 g (0.7 oz) Fresh chives — 3 g (0.1 oz) Salt — 1 g (0.0 oz) Black pepper — 1 g (0.0 oz) Hot sauce (Tabasco/Frank's) — 3 g (0.1 oz) | M53: [{"ingredient_id": "avocado", "name": "Avocado", "grams": 140.0, "note": "1 avocado"}, {"ingredient_id": "egg", "name": "Egg, large (50 g each)", "grams": 100.0, "note": "2 large eggs"}, {"ingredient_id": "cheddar", "name": "Cheddar cheese", "grams": 20.0, "note": ""}, {"ingredient_id": "chives", "name": "Fresh chives", "grams": 3.0, "note": ""}, {"ingredient_id": "salt", "name": "Salt", "grams": 1.0, "note": ""}, {"ingredient_id": "black_pepper", "name": "Black pepper", "grams": 1.0, "note": ""}, {"ingredient_id": "hot_sauce", "name": "Hot sauce (Tabasco/Frank's)", "grams": 3.0, "note": ""}] | N53: 451 | O53: 20.2 | P53: 37.2 | Q53: 13.7 | R53: 9.7 | S53: 4 | T53: 11 | U53: low | V53: 0.4 | W53: low | X53: Negligible carbohydrate (<5 g net/serving): GI has little practical meaning, glycemic load is what matters. | Y53: 0% of this dish's available carbohydrate comes from ingredients with a published, measured GI; the rest uses conventional placeholders (see Ingredients sheet) | Z53: 0 | AA53: vegetarian, gluten-free, nut-free, low-carb, high-fiber | AB53: 1. Preheat oven to 425°F. Halve the avocado and scoop out a little flesh to enlarge the cavities. 2. Set halves in a small dish, crack an egg into each and season. 3. Bake 12–15 minutes until whites are set; top with cheddar for the last 2 minutes. 4. Garnish with chives and hot sauce. | AC53: ["Preheat oven to 425°F. Halve the avocado and scoop out a little flesh to enlarge the cavities.", "Set halves in a small dish, crack an egg into each and season.", "Bake 12–15 minutes until whites are set; top with cheddar for the last 2 minutes.", "Garnish with chives and hot sauce."]
A54: DB-0053 | B54: Veggie Breakfast Bowl with Quinoa | C54: Breakfast | D54: American | E54: 2 | F54: 10 | G54: 10 | H54: 20 | I54: veggie-breakfast-bowl-with-quinoa.jpg | J54: Veggie Breakfast Bowl with Quinoa, healthy food photography, plated, natural light | L54: Quinoa, cooked — 200 g (7.1 oz) Egg, large (50 g each) — 200 g (7.1 oz) [4 large eggs] Kale — 100 g (3.5 oz) Cherry tomatoes — 100 g (3.5 oz) Avocado — 70 g (2.5 oz) Feta cheese — 30 g (1.1 oz) Extra-virgin olive oil — 10 g (0.4 oz) Lemon juice — 8 g (0.3 oz) Salt — 1 g (0.0 oz) | M54: [{"ingredient_id": "quinoa", "name": "Quinoa, cooked", "grams": 200.0, "note": ""}, {"ingredient_id": "egg", "name": "Egg, large (50 g each)", "grams": 200.0, "note": "4 large eggs"}, {"ingredient_id": "kale", "name": "Kale", "grams": 100.0, "note": ""}, {"ingredient_id": "cherry_tomato", "name": "Cherry tomatoes", "grams": 100.0, "note": ""}, {"ingredient_id": "avocado", "name": "Avocado", "grams": 70.0, "note": ""}, {"ingredient_id": "feta", "name": "Feta cheese", "grams": 30.0, "note": ""}, {"ingredient_id": "olive_oil", "name": "Extra-virgin olive oil", "grams": 10.0, "note": ""}, {"ingredient_id": "lemon_juice", "name": "Lemon juice", "grams": 8.0, "note": ""}, {"ingredient_id": "salt", "name": "Salt", "grams": 1.0, "note": ""}] | N54: 437 | O54: 22.4 | P54: 25.4 | Q54: 31.9 | R54: 7.6 | S54: 24.3 | T54: 43 | U54: low | V54: 10.5 | W54: medium | Y54: 75% of this dish's available carbohydrate comes from ingredients with a published, measured GI; the rest uses conventional placeholders (see Ingredients sheet) | Z54: 75 | AA54: vegetarian, gluten-free, nut-free, high-fiber | AB54: 1. Sauté kale in olive oil until tender; season and add lemon juice. 2. Fry or poach the eggs. 3. Divide quinoa between bowls, add kale, tomatoes, avocado and feta, and top with eggs. | AC54: ["Sauté kale in olive oil until tender; season and add lemon juice.", "Fry or poach the eggs.", "Divide quinoa between bowls, add kale, tomatoes, avocado and feta, and top with eggs."]
A55: DB-0054 | B55: Smoked Trout & Egg Breakfast Board | C55: Breakfast | D55: Scandinavian | E55: 2 | F55: 10 | G55: 8 | H55: 18 | I55: smoked-trout-and-egg-breakfast-board.jpg | J55: Smoked Trout & Egg Breakfast Board, healthy food photography, plated, natural light | L55: Rainbow trout fillet — 150 g (5.3 oz) Egg, large (50 g each) — 200 g (7.1 oz) [4 hard-boiled eggs] Pumpernickel / whole rye bread — 70 g (2.5 oz) [2 thin slices] Cucumber — 100 g (3.5 oz) Radishes — 50 g (1.8 oz) Greek yogurt, plain 2% — 60 g (2.1 oz) Fresh dill — 5 g (0.2 oz) Lemon (with juice & zest) — 30 g (1.1 oz) Black pepper — 1 g (0.0 oz) | M55: [{"ingredient_id": "trout", "name": "Rainbow trout fillet", "grams": 150.0, "note": ""}, {"ingredient_id": "egg", "name": "Egg, large (50 g each)", "grams": 200.0, "note": "4 hard-boiled eggs"}, {"ingredient_id": "rye_bread", "name": "Pumpernickel / whole rye bread", "grams": 70.0, "note": "2 thin slices"}, {"ingredient_id": "cucumber", "name": "Cucumber", "grams": 100.0, "note": ""}, {"ingredient_id": "radish", "name": "Radishes", "grams": 50.0, "note": ""}, {"ingredient_id": "greek_yogurt", "name": "Greek yogurt, plain 2%", "grams": 60.0, "note": ""}, {"ingredient_id": "dill", "name": "Fresh dill", "grams": 5.0, "note": ""}, {"ingredient_id": "lemon", "name": "Lemon (with juice & zest)", "grams": 30.0, "note": ""}, {"ingredient_id": "black_pepper", "name": "Black pepper", "grams": 1.0, "note": ""}] | N55: 360 | O55: 34.5 | P55: 14 | Q55: 22.9 | R55: 3.5 | S55: 19.4 | T55: 40 | U55: low | V55: 7.7 | W55: low | Y55: 79% of this dish's available carbohydrate comes from ingredients with a published, measured GI; the rest uses conventional placeholders (see Ingredients sheet) | Z55: 79 | AA55: pescatarian, nut-free, high-protein, omega-3 | AB55: 1. Poach or bake trout fillet (or use smoked trout), then flake. 2. Hard-boil eggs, cool and halve. 3. Arrange trout, eggs, rye bread, cucumber and radish slices on a board with a bowl of yogurt mixed with dill, lemon and pepper. | AC55: ["Poach or bake trout fillet (or use smoked trout), then flake.", "Hard-boil eggs, cool and halve.", "Arrange trout, eggs, rye bread, cucumber and radish slices on a board with a bowl of yogurt mixed with dill, lemon and pepper."]
A56: DB-0055 | B56: Cinnamon Apple Cottage Cheese Toast | C56: Breakfast | D56: American | E56: 1 | F56: 5 | G56: 3 | H56: 8 | I56: cinnamon-apple-cottage-cheese-toast.jpg | J56: Cinnamon Apple Cottage Cheese Toast, healthy food photography, plated, natural light | L56: Whole wheat bread (100% whole wheat) — 35 g (1.2 oz) [1 slice] Cottage cheese, low-fat — 100 g (3.5 oz) Apple — 70 g (2.5 oz) [half small apple] Ground cinnamon — 1 g (0.0 oz) Walnuts — 10 g (0.4 oz) | M56: [{"ingredient_id": "whole_grain_bread", "name": "Whole wheat bread (100% whole wheat)", "grams": 35.0, "note": "1 slice"}, {"ingredient_id": "cottage_cheese", "name": "Cottage cheese, low-fat", "grams": 100.0, "note": ""}, {"ingredient_id": "apple", "name": "Apple", "grams": 70.0, "note": "half small apple"}, {"ingredient_id": "cinnamon", "name": "Ground cinnamon", "grams": 1.0, "note": ""}, {"ingredient_id": "walnuts", "name": "Walnuts", "grams": 10.0, "note": ""}] | N56: 276 | O56: 16.9 | P56: 10.2 | Q56: 31.4 | R56: 5.2 | S56: 26.2 | T56: 48 | U56: low | V56: 12.6 | W56: medium | Y56: 80% of this dish's available carbohydrate comes from ingredients with a published, measured GI; the rest uses conventional placeholders (see Ingredients sheet) | Z56: 80 | AA56: vegetarian, quick | AB56: 1. Toast the bread. 2. Spread with cottage cheese and top with thin apple slices. 3. Sprinkle with cinnamon and chopped walnuts. | AC56: ["Toast the bread.", "Spread with cottage cheese and top with thin apple slices.", "Sprinkle with cinnamon and chopped walnuts."]
A57: DB-0056 | B57: Kale & White Bean Breakfast Skillet | C57: Breakfast | D57: Italian | E57: 2 | F57: 10 | G57: 15 | H57: 25 | I57: kale-and-white-bean-breakfast-skillet.jpg | J57: Kale & White Bean Breakfast Skillet, healthy food photography, plated, natural light | L57: Cannellini beans, cooked — 200 g (7.1 oz) Kale — 150 g (5.3 oz) Egg, large (50 g each) — 200 g (7.1 oz) [4 large eggs] Garlic — 8 g (0.3 oz) Extra-virgin olive oil — 15 g (0.5 oz) Red pepper flakes — 1 g (0.0 oz) Parmesan, grated — 20 g (0.7 oz) Lemon juice — 8 g (0.3 oz) Salt — 1 g (0.0 oz) | M57: [{"ingredient_id": "white_beans", "name": "Cannellini beans, cooked", "grams": 200.0, "note": ""}, {"ingredient_id": "kale", "name": "Kale", "grams": 150.0, "note": ""}, {"ingredient_id": "egg", "name": "Egg, large (50 g each)", "grams": 200.0, "note": "4 large eggs"}, {"ingredient_id": "garlic", "name": "Garlic", "grams": 8.0, "note": ""}, {"ingredient_id": "olive_oil", "name": "Extra-virgin olive oil", "grams": 15.0, "note": ""}, {"ingredient_id": "red_pepper_flakes", "name": "Red pepper flakes", "grams": 1.0, "note": ""}, {"ingredient_id": "parmesan", "name": "Parmesan, grated", "grams": 20.0, "note": ""}, {"ingredient_id": "lemon_juice", "name": "Lemon juice", "grams": 8.0, "note": ""}, {"ingredient_id": "salt", "name": "Salt", "grams": 1.0, "note": ""}] | N57: 437 | O57: 29.7 | P57: 21.1 | Q57: 34.6 | R57: 9.2 | S57: 25.4 | T57: 27 | U57: low | V57: 6.8 | W57: low | Y57: 74% of this dish's available carbohydrate comes from ingredients with a published, measured GI; the rest uses conventional placeholders (see Ingredients sheet) | Z57: 74 | AA57: vegetarian, gluten-free, nut-free, high-protein, high-fiber, one-pan | AB57: 1. Sauté garlic and red pepper flakes in olive oil 30 seconds, add kale and cook until wilted. 2. Stir in beans, lemon juice and salt; heat through. 3. Make four wells, crack in the eggs, cover and cook 5–6 minutes. 4. Top with parmesan. | AC57: ["Sauté garlic and red pepper flakes in olive oil 30 seconds, add kale and cook until wilted.", "Stir in beans, lemon juice and salt; heat through.", "Make four wells, crack in the eggs, cover and cook 5–6 minutes.", "Top with parmesan."]
A58: DB-0057 | B58: Turkey & Avocado Breakfast Sandwich | C58: Breakfast | D58: American | E58: 1 | F58: 5 | G58: 5 | H58: 10 | I58: turkey-and-avocado-breakfast-sandwich.jpg | J58: Turkey & Avocado Breakfast Sandwich, healthy food photography, plated, natural light | L58: Sprouted grain bread (Ezekiel-style) — 68 g (2.4 oz) [2 slices] Deli turkey breast, low sodium — 60 g (2.1 oz) Egg, large (50 g each) — 50 g (1.8 oz) [1 large egg] Avocado — 50 g (1.8 oz) Tomato — 40 g (1.4 oz) Dijon mustard — 5 g (0.2 oz) Extra-virgin olive oil — 3 g (0.1 oz) | M58: [{"ingredient_id": "ezekiel_bread", "name": "Sprouted grain bread (Ezekiel-style)", "grams": 68.0, "note": "2 slices"}, {"ingredient_id": "deli_turkey", "name": "Deli turkey breast, low sodium", "grams": 60.0, "note": ""}, {"ingredient_id": "egg", "name": "Egg, large (50 g each)", "grams": 50.0, "note": "1 large egg"}, {"ingredient_id": "avocado", "name": "Avocado", "grams": 50.0, "note": ""}, {"ingredient_id": "tomato", "name": "Tomato", "grams": 40.0, "note": ""}, {"ingredient_id": "dijon", "name": "Dijon mustard", "grams": 5.0, "note": ""}, {"ingredient_id": "olive_oil", "name": "Extra-virgin olive oil", "grams": 3.0, "note": ""}] | N58: 411 | O58: 26.2 | P58: 17.4 | Q58: 38.7 | R58: 10.1 | S58: 28.6 | T58: 53 | U58: low | V58: 15.2 | W58: medium | Y58: 83% of this dish's available carbohydrate comes from ingredients with a published, measured GI; the rest uses conventional placeholders (see Ingredients sheet) | Z58: 83 | AA58: gluten-free, dairy-free, nut-free, high-protein, high-fiber, quick | AB58: 1. Toast the bread and fry the egg in olive oil. 2. Spread Dijon on one slice, mash avocado on the other. 3. Layer turkey, tomato and the egg; close the sandwich. | AC58: ["Toast the bread and fry the egg in olive oil.", "Spread Dijon on one slice, mash avocado on the other.", "Layer turkey, tomato and the egg; close the sandwich."]
A59: DB-0058 | B59: Matcha Chia Protein Pudding | C59: Breakfast | D59: Japanese | E59: 2 | F59: 5 | G59: 0 | H59: 5 | I59: matcha-chia-protein-pudding.jpg | J59: Matcha Chia Protein Pudding, healthy food photography, plated, natural light | L59: Chia seeds — 40 g (1.4 oz) Almond milk, unsweetened — 320 g (11.3 oz) Pea protein powder, unsweetened — 25 g (0.9 oz) Brewed green tea — 3 g (0.1 oz) [1 tsp matcha powder] Vanilla extract — 2 g (0.1 oz) Monk fruit/erythritol sweetener — 6 g (0.2 oz) Kiwi — 100 g (3.5 oz) | M59: [{"ingredient_id": "chia_seeds", "name": "Chia seeds", "grams": 40.0, "note": ""}, {"ingredient_id": "almond_milk", "name": "Almond milk, unsweetened", "grams": 320.0, "note": ""}, {"ingredient_id": "plant_protein", "name": "Pea protein powder, unsweetened", "grams": 25.0, "note": ""}, {"ingredient_id": "green_tea", "name": "Brewed green tea", "grams": 3.0, "note": "1 tsp matcha powder"}, {"ingredient_id": "vanilla_extract", "name": "Vanilla extract", "grams": 2.0, "note": ""}, {"ingredient_id": "monk_fruit_sweetener", "name": "Monk fruit/erythritol sweetener", "grams": 6.0, "note": ""}, {"ingredient_id": "kiwi", "name": "Kiwi", "grams": 100.0, "note": ""}] | N59: 201 | O59: 14.3 | P59: 9.1 | Q59: 17.8 | R59: 8.6 | S59: 9.3 | T59: 39 | U59: low | V59: 3.6 | W59: low | Y59: 63% of this dish's available carbohydrate comes from ingredients with a published, measured GI; the rest uses conventional placeholders (see Ingredients sheet) | Z59: 63 | AA59: vegan, gluten-free, dairy-free, low-carb, high-fiber, no-cook, make-ahead | AB59: 1. Whisk almond milk with protein powder, matcha, vanilla and sweetener until no lumps remain. 2. Stir in chia seeds, rest 10 minutes, stir again and refrigerate 4+ hours. 3. Top with diced kiwi. | AC59: ["Whisk almond milk with protein powder, matcha, vanilla and sweetener until no lumps remain.", "Stir in chia seeds, rest 10 minutes, stir again and refrigerate 4+ hours.", "Top with diced kiwi."]
A60: DB-0059 | B60: Mexican Egg White Scramble with Salsa Verde | C60: Breakfast | D60: Mexican | E60: 1 | F60: 5 | G60: 8 | H60: 13 | I60: mexican-egg-white-scramble-with-salsa-verde.jpg | J60: Mexican Egg White Scramble with Salsa Verde, healthy food photography, plated, natural light | L60: Egg whites — 180 g (6.3 oz) [6 egg whites] Black beans, cooked — 60 g (2.1 oz) Salsa verde — 50 g (1.8 oz) Cotija cheese — 15 g (0.5 oz) Fresh cilantro — 5 g (0.2 oz) Extra-virgin olive oil — 5 g (0.2 oz) Ground cumin — 1 g (0.0 oz) | M60: [{"ingredient_id": "egg_white", "name": "Egg whites", "grams": 180.0, "note": "6 egg whites"}, {"ingredient_id": "black_beans", "name": "Black beans, cooked", "grams": 60.0, "note": ""}, {"ingredient_id": "salsa_verde", "name": "Salsa verde", "grams": 50.0, "note": ""}, {"ingredient_id": "cotija", "name": "Cotija cheese", "grams": 15.0, "note": ""}, {"ingredient_id": "cilantro", "name": "Fresh cilantro", "grams": 5.0, "note": ""}, {"ingredient_id": "olive_oil", "name": "Extra-virgin olive oil", "grams": 5.0, "note": ""}, {"ingredient_id": "cumin", "name": "Ground cumin", "grams": 1.0, "note": ""}] | N60: 292 | O60: 28.9 | P60: 10.7 | Q60: 19.7 | R60: 6.2 | S60: 13.5 | T60: 25 | U60: low | V60: 3.4 | W60: low | Y60: 67% of this dish's available carbohydrate comes from ingredients with a published, measured GI; the rest uses conventional placeholders (see Ingredients sheet) | Z60: 67 | AA60: vegetarian, gluten-free, nut-free, low-carb, high-protein, quick | AB60: 1. Warm black beans with cumin in olive oil. 2. Add egg whites and stir gently until set. 3. Top with salsa verde, cotija and cilantro. | AC60: ["Warm black beans with cumin in olive oil.", "Add egg whites and stir gently until set.", "Top with salsa verde, cotija and cilantro."]
A61: DB-0060 | B61: Sardine & Avocado Toast | C61: Breakfast | D61: Mediterranean | E61: 1 | F61: 5 | G61: 3 | H61: 8 | I61: sardine-and-avocado-toast.jpg | J61: Sardine & Avocado Toast, healthy food photography, plated, natural light | L61: Pumpernickel / whole rye bread — 35 g (1.2 oz) [1 slice] Sardines, canned in olive oil, drained — 60 g (2.1 oz) Avocado — 60 g (2.1 oz) Lemon juice — 8 g (0.3 oz) Red onion — 15 g (0.5 oz) Fresh parsley — 3 g (0.1 oz) Red pepper flakes — 0.5 g (0.0 oz) | M61: [{"ingredient_id": "rye_bread", "name": "Pumpernickel / whole rye bread", "grams": 35.0, "note": "1 slice"}, {"ingredient_id": "sardines", "name": "Sardines, canned in olive oil, drained", "grams": 60.0, "note": ""}, {"ingredient_id": "avocado", "name": "Avocado", "grams": 60.0, "note": ""}, {"ingredient_id": "lemon_juice", "name": "Lemon juice", "grams": 8.0, "note": ""}, {"ingredient_id": "red_onion", "name": "Red onion", "grams": 15.0, "note": ""}, {"ingredient_id": "parsley", "name": "Fresh parsley", "grams": 3.0, "note": ""}, {"ingredient_id": "red_pepper_flakes", "name": "Red pepper flakes", "grams": 0.5, "note": ""}] | N61: 319 | O61: 19.6 | P61: 16.8 | Q61: 24 | R61: 6.8 | S61: 17.2 | T61: 44 | U61: low | V61: 7.6 | W61: low | Y61: 83% of this dish's available carbohydrate comes from ingredients with a published, measured GI; the rest uses conventional placeholders (see Ingredients sheet) | Z61: 83 | AA61: pescatarian, dairy-free, nut-free, quick, omega-3 | AB61: 1. Toast the rye bread. 2. Mash avocado with lemon juice and spread on the toast. 3. Top with sardines, thin red onion, parsley and pepper flakes. | AC61: ["Toast the rye bread.", "Mash avocado with lemon juice and spread on the toast.", "Top with sardines, thin red onion, parsley and pepper flakes."]
A62: DB-0061 | B62: Greek Yogurt Protein Bowl with Pomegranate | C62: Breakfast | D62: Mediterranean | E62: 1 | F62: 5 | G62: 0 | H62: 5 | I62: greek-yogurt-protein-bowl-with-pomegranate.jpg | J62: Greek Yogurt Protein Bowl with Pomegranate, healthy food photography, plated, natural light | L62: Greek yogurt, plain 2% — 220 g (7.8 oz) Pomegranate arils — 50 g (1.8 oz) Pistachios, shelled — 15 g (0.5 oz) Hemp seeds — 8 g (0.3 oz) Fresh mint — 2 g (0.1 oz) Stevia (liquid) — 1 g (0.0 oz) | M62: [{"ingredient_id": "greek_yogurt", "name": "Greek yogurt, plain 2%", "grams": 220.0, "note": ""}, {"ingredient_id": "pomegranate", "name": "Pomegranate arils", "grams": 50.0, "note": ""}, {"ingredient_id": "pistachios", "name": "Pistachios, shelled", "grams": 15.0, "note": ""}, {"ingredient_id": "hemp_seeds", "name": "Hemp seeds", "grams": 8.0, "note": ""}, {"ingredient_id": "mint", "name": "Fresh mint", "grams": 2.0, "note": ""}, {"ingredient_id": "stevia", "name": "Stevia (liquid)", "grams": 1.0, "note": ""}] | N62: 331 | O62: 28.5 | P62: 15.7 | Q62: 23.4 | R62: 4 | S62: 19.3 | T62: 30 | U62: low | V62: 5.8 | W62: low | Y62: 59% of this dish's available carbohydrate comes from ingredients with a published, measured GI; the rest uses conventional placeholders (see Ingredients sheet) | Z62: 59 | AA62: vegetarian, gluten-free, high-protein, no-cook, quick | AB62: 1. Stir stevia into the yogurt if desired. 2. Top with pomegranate arils, pistachios and hemp seeds. 3. Garnish with torn mint. | AC62: ["Stir stevia into the yogurt if desired.", "Top with pomegranate arils, pistachios and hemp seeds.", "Garnish with torn mint."]
A63: DB-0062 | B63: Egg & Turkey Sausage Breakfast Skillet Pizza | C63: Breakfast | D63: American | E63: 2 | F63: 10 | G63: 15 | H63: 25 | I63: egg-and-turkey-sausage-breakfast-skillet-pizza.jpg | J63: Egg & Turkey Sausage Breakfast Skillet Pizza, healthy food photography, plated, natural light | L63: Egg, large (50 g each) — 250 g (8.8 oz) [5 large eggs] Turkey sausage — 120 g (4.2 oz) Marinara sauce, no sugar added — 60 g (2.1 oz) Mozzarella, part-skim — 60 g (2.1 oz) Bell pepper — 60 g (2.1 oz) Mushrooms (cremini/white) — 60 g (2.1 oz) Extra-virgin olive oil — 8 g (0.3 oz) Italian seasoning — 1 g (0.0 oz) | M63: [{"ingredient_id": "egg", "name": "Egg, large (50 g each)", "grams": 250.0, "note": "5 large eggs"}, {"ingredient_id": "turkey_sausage", "name": "Turkey sausage", "grams": 120.0, "note": ""}, {"ingredient_id": "marinara", "name": "Marinara sauce, no sugar added", "grams": 60.0, "note": ""}, {"ingredient_id": "mozzarella", "name": "Mozzarella, part-skim", "grams": 60.0, "note": ""}, {"ingredient_id": "bell_pepper", "name": "Bell pepper", "grams": 60.0, "note": ""}, {"ingredient_id": "mushrooms", "name": "Mushrooms (cremini/white)", "grams": 60.0, "note": ""}, {"ingredient_id": "olive_oil", "name": "Extra-virgin olive oil", "grams": 8.0, "note": ""}, {"ingredient_id": "italian_seasoning", "name": "Italian seasoning", "grams": 1.0, "note": ""}] | N63: 414 | O63: 33.7 | P63: 27.6 | Q63: 7.6 | R63: 1.6 | S63: 6 | T63: 11 | U63: low | V63: 0.7 | W63: low | Y63: 17% of this dish's available carbohydrate comes from ingredients with a published, measured GI; the rest uses conventional placeholders (see Ingredients sheet) | Z63: 17 | AA63: gluten-free, nut-free, low-carb, high-protein | AB63: 1. Brown the sausage with pepper and mushrooms in an ovenproof skillet. 2. Pour in whisked eggs with Italian seasoning; cook until the bottom sets. 3. Spread marinara over the top, add mozzarella and broil 3–4 minutes until bubbly. 4. Slice like a pizza. | AC63: ["Brown the sausage with pepper and mushrooms in an ovenproof skillet.", "Pour in whisked eggs with Italian seasoning; cook until the bottom sets.", "Spread marinara over the top, add mozzarella and broil 3–4 minutes until bubbly.", "Slice like a pizza."]
A64: DB-0063 | B64: Farro Breakfast Bowl with Pear & Walnuts | C64: Breakfast | D64: American | E64: 2 | F64: 5 | G64: 10 | H64: 15 | I64: farro-breakfast-bowl-with-pear-and-walnuts.jpg | J64: Farro Breakfast Bowl with Pear & Walnuts, healthy food photography, plated, natural light | L64: Farro (pearled spelt), cooked — 180 g (6.3 oz) Almond milk, unsweetened — 150 g (5.3 oz) Pear — 120 g (4.2 oz) Walnuts — 25 g (0.9 oz) Ground cinnamon — 2 g (0.1 oz) Greek yogurt, plain 2% — 100 g (3.5 oz) Vanilla extract — 2 g (0.1 oz) | M64: [{"ingredient_id": "farro", "name": "Farro (pearled spelt), cooked", "grams": 180.0, "note": ""}, {"ingredient_id": "almond_milk", "name": "Almond milk, unsweetened", "grams": 150.0, "note": ""}, {"ingredient_id": "pear", "name": "Pear", "grams": 120.0, "note": ""}, {"ingredient_id": "walnuts", "name": "Walnuts", "grams": 25.0, "note": ""}, {"ingredient_id": "cinnamon", "name": "Ground cinnamon", "grams": 2.0, "note": ""}, {"ingredient_id": "greek_yogurt", "name": "Greek yogurt, plain 2%", "grams": 100.0, "note": ""}, {"ingredient_id": "vanilla_extract", "name": "Vanilla extract", "grams": 2.0, "note": ""}] | N64: 286 | O64: 12.1 | P64: 11 | Q64: 37.5 | R64: 6.4 | S64: 31.2 | T64: 49 | U64: low | V64: 15.3 | W64: medium | Y64: 94% of this dish's available carbohydrate comes from ingredients with a published, measured GI; the rest uses conventional placeholders (see Ingredients sheet) | Z64: 94 | AA64: vegetarian | AB64: 1. Warm cooked farro with almond milk, cinnamon and vanilla for 5 minutes. 2. Divide into bowls and add a spoon of Greek yogurt. 3. Top with diced pear and walnuts. | AC64: ["Warm cooked farro with almond milk, cinnamon and vanilla for 5 minutes.", "Divide into bowls and add a spoon of Greek yogurt.", "Top with diced pear and walnuts."]
A65: DB-0064 | B65: Cheesy Cauliflower Breakfast Bake | C65: Breakfast | D65: American | E65: 6 | F65: 15 | G65: 35 | H65: 50 | I65: cheesy-cauliflower-breakfast-bake.jpg | J65: Cheesy Cauliflower Breakfast Bake, healthy food photography, plated, natural light | L65: Cauliflower — 600 g (21.2 oz) Egg, large (50 g each) — 400 g (14.1 oz) [8 large eggs] Cheddar cheese — 120 g (4.2 oz) Turkey bacon — 90 g (3.2 oz) Green onions (scallions) — 30 g (1.1 oz) Milk, 2% — 80 g (2.8 oz) Salt — 3 g (0.1 oz) Black pepper — 1 g (0.0 oz) Extra-virgin olive oil — 5 g (0.2 oz) | M65: [{"ingredient_id": "cauliflower", "name": "Cauliflower", "grams": 600.0, "note": ""}, {"ingredient_id": "egg", "name": "Egg, large (50 g each)", "grams": 400.0, "note": "8 large eggs"}, {"ingredient_id": "cheddar", "name": "Cheddar cheese", "grams": 120.0, "note": ""}, {"ingredient_id": "turkey_bacon", "name": "Turkey bacon", "grams": 90.0, "note": ""}, {"ingredient_id": "green_onion", "name": "Green onions (scallions)", "grams": 30.0, "note": ""}, {"ingredient_id": "milk", "name": "Milk, 2%", "grams": 80.0, "note": ""}, {"ingredient_id": "salt", "name": "Salt", "grams": 3.0, "note": ""}, {"ingredient_id": "black_pepper", "name": "Black pepper", "grams": 1.0, "note": ""}, {"ingredient_id": "olive_oil", "name": "Extra-virgin olive oil", "grams": 5.0, "note": ""}] | N65: 250 | O65: 18.1 | P65: 16.6 | Q65: 7.1 | R65: 2.2 | S65: 5 | T65: 13 | U65: low | V65: 0.6 | W65: low | X65: Negligible carbohydrate (<5 g net/serving): GI has little practical meaning, glycemic load is what matters. | Y65: 13% of this dish's available carbohydrate comes from ingredients with a published, measured GI; the rest uses conventional placeholders (see Ingredients sheet) | Z65: 13 | AA65: gluten-free, nut-free, low-carb, make-ahead | AB65: 1. Preheat oven to 375°F. Steam cauliflower florets 5 minutes and spread in an oiled 9x13 dish. 2. Cook turkey bacon until crisp and crumble over the cauliflower. 3. Whisk eggs, milk, salt and pepper; pour over, top with cheddar and green onion. 4. Bake 30–35 minutes until golden and set. | AC65: ["Preheat oven to 375°F. Steam cauliflower florets 5 minutes and spread in an oiled 9x13 dish.", "Cook turkey bacon until crisp and crumble over the cauliflower.", "Whisk eggs, milk, salt and pepper; pour over, top with cheddar and green onion.", "Bake 30–35 minutes until golden and set."]
A66: DB-0065 | B66: Strawberry Almond Overnight Oats | C66: Breakfast | D66: American | E66: 1 | F66: 5 | G66: 0 | H66: 5 | I66: strawberry-almond-overnight-oats.jpg | J66: Strawberry Almond Overnight Oats, healthy food photography, plated, natural light | L66: Rolled oats, dry — 40 g (1.4 oz) Almond milk, unsweetened — 150 g (5.3 oz) Greek yogurt, plain 2% — 80 g (2.8 oz) Strawberries — 80 g (2.8 oz) Almond butter — 12 g (0.4 oz) Chia seeds — 8 g (0.3 oz) Vanilla extract — 2 g (0.1 oz) | M66: [{"ingredient_id": "rolled_oats", "name": "Rolled oats, dry", "grams": 40.0, "note": ""}, {"ingredient_id": "almond_milk", "name": "Almond milk, unsweetened", "grams": 150.0, "note": ""}, {"ingredient_id": "greek_yogurt", "name": "Greek yogurt, plain 2%", "grams": 80.0, "note": ""}, {"ingredient_id": "strawberries", "name": "Strawberries", "grams": 80.0, "note": ""}, {"ingredient_id": "almond_butter", "name": "Almond butter", "grams": 12.0, "note": ""}, {"ingredient_id": "chia_seeds", "name": "Chia seeds", "grams": 8.0, "note": ""}, {"ingredient_id": "vanilla_extract", "name": "Vanilla extract", "grams": 2.0, "note": ""}] | N66: 376 | O66: 18.5 | P66: 15.4 | Q66: 43.4 | R66: 9.5 | S66: 33.8 | T66: 47 | U66: low | V66: 15.9 | W66: medium | Y66: 92% of this dish's available carbohydrate comes from ingredients with a published, measured GI; the rest uses conventional placeholders (see Ingredients sheet) | Z66: 92 | AA66: vegetarian, high-fiber, no-cook, make-ahead | AB66: 1. Stir oats, almond milk, yogurt, chia and vanilla in a jar. 2. Refrigerate overnight. 3. Top with sliced strawberries and a drizzle of almond butter. | AC66: ["Stir oats, almond milk, yogurt, chia and vanilla in a jar.", "Refrigerate overnight.", "Top with sliced strawberries and a drizzle of almond butter."]
A67: DB-0066 | B67: Crab & Avocado Omelet | C67: Breakfast | D67: American | E67: 1 | F67: 5 | G67: 8 | H67: 13 | I67: crab-and-avocado-omelet.jpg | J67: Crab & Avocado Omelet, healthy food photography, plated, natural light | L67: Egg, large (50 g each) — 150 g (5.3 oz) [3 large eggs] Crab meat, lump — 70 g (2.5 oz) Avocado — 50 g (1.8 oz) Green onions (scallions) — 10 g (0.4 oz) Extra-virgin olive oil — 6 g (0.2 oz) Old Bay seasoning — 1 g (0.0 oz) Lemon juice — 5 g (0.2 oz) | M67: [{"ingredient_id": "egg", "name": "Egg, large (50 g each)", "grams": 150.0, "note": "3 large eggs"}, {"ingredient_id": "crab", "name": "Crab meat, lump", "grams": 70.0, "note": ""}, {"ingredient_id": "avocado", "name": "Avocado", "grams": 50.0, "note": ""}, {"ingredient_id": "green_onion", "name": "Green onions (scallions)", "grams": 10.0, "note": ""}, {"ingredient_id": "olive_oil", "name": "Extra-virgin olive oil", "grams": 6.0, "note": ""}, {"ingredient_id": "old_bay", "name": "Old Bay seasoning", "grams": 1.0, "note": ""}, {"ingredient_id": "lemon_juice", "name": "Lemon juice", "grams": 5.0, "note": ""}] | N67: 414 | O67: 32.8 | P67: 28.6 | Q67: 6.9 | R67: 3.9 | S67: 3 | T67: 10 | U67: low | V67: 0.3 | W67: low | X67: Negligible carbohydrate (<5 g net/serving): GI has little practical meaning, glycemic load is what matters. | Y67: 0% of this dish's available carbohydrate comes from ingredients with a published, measured GI; the rest uses conventional placeholders (see Ingredients sheet) | Z67: 0 | AA67: pescatarian, gluten-free, dairy-free, nut-free, low-carb, high-protein, quick | AB67: 1. Whisk eggs with Old Bay and cook in olive oil until nearly set. 2. Add crab and green onion to one half, fold and cook 1 minute. 3. Top with sliced avocado and lemon juice. | AC67: ["Whisk eggs with Old Bay and cook in olive oil until nearly set.", "Add crab and green onion to one half, fold and cook 1 minute.", "Top with sliced avocado and lemon juice."]
A68: DB-0067 | B68: Cinnamon Flax Microwave Muffin | C68: Breakfast | D68: American | E68: 1 | F68: 3 | G68: 2 | H68: 5 | I68: cinnamon-flax-microwave-muffin.jpg | J68: Cinnamon Flax Microwave Muffin, healthy food photography, plated, natural light | L68: Ground flaxseed — 30 g (1.1 oz) Egg, large (50 g each) — 50 g (1.8 oz) [1 large egg] Baking powder — 2 g (0.1 oz) Ground cinnamon — 2 g (0.1 oz) Monk fruit/erythritol sweetener — 6 g (0.2 oz) Coconut oil — 5 g (0.2 oz) Greek yogurt, plain 2% — 60 g (2.1 oz) Raspberries — 40 g (1.4 oz) | M68: [{"ingredient_id": "flaxseed", "name": "Ground flaxseed", "grams": 30.0, "note": ""}, {"ingredient_id": "egg", "name": "Egg, large (50 g each)", "grams": 50.0, "note": "1 large egg"}, {"ingredient_id": "baking_powder", "name": "Baking powder", "grams": 2.0, "note": ""}, {"ingredient_id": "cinnamon", "name": "Ground cinnamon", "grams": 2.0, "note": ""}, {"ingredient_id": "monk_fruit_sweetener", "name": "Monk fruit/erythritol sweetener", "grams": 6.0, "note": ""}, {"ingredient_id": "coconut_oil", "name": "Coconut oil", "grams": 5.0, "note": ""}, {"ingredient_id": "greek_yogurt", "name": "Greek yogurt, plain 2%", "grams": 60.0, "note": ""}, {"ingredient_id": "raspberries", "name": "Raspberries", "grams": 40.0, "note": ""}] | N68: 345 | O68: 18.3 | P68: 23.9 | Q68: 18.4 | R68: 11.8 | S68: 6.7 | T68: 16 | U68: low | V68: 1.1 | W68: low | Y68: 36% of this dish's available carbohydrate comes from ingredients with a published, measured GI; the rest uses conventional placeholders (see Ingredients sheet) | Z68: 36 | AA68: vegetarian, gluten-free, nut-free, low-carb, high-fiber, quick | AB68: 1. Mix flaxseed, egg, baking powder, cinnamon, sweetener and melted coconut oil in a mug. 2. Microwave 90 seconds until set. 3. Turn out, split and serve with Greek yogurt and raspberries. | AC68: ["Mix flaxseed, egg, baking powder, cinnamon, sweetener and melted coconut oil in a mug.", "Microwave 90 seconds until set.", "Turn out, split and serve with Greek yogurt and raspberries."]
A69: DB-0068 | B69: Breakfast Stuffed Bell Peppers | C69: Breakfast | D69: American | E69: 2 | F69: 10 | G69: 30 | H69: 40 | I69: breakfast-stuffed-bell-peppers.jpg | J69: Breakfast Stuffed Bell Peppers, healthy food photography, plated, natural light | L69: Bell pepper — 300 g (10.6 oz) [2 large peppers] Egg, large (50 g each) — 200 g (7.1 oz) [4 large eggs] Turkey sausage — 100 g (3.5 oz) Spinach — 50 g (1.8 oz) Cheddar cheese — 40 g (1.4 oz) Salt — 1 g (0.0 oz) Black pepper — 1 g (0.0 oz) | M69: [{"ingredient_id": "bell_pepper", "name": "Bell pepper", "grams": 300.0, "note": "2 large peppers"}, {"ingredient_id": "egg", "name": "Egg, large (50 g each)", "grams": 200.0, "note": "4 large eggs"}, {"ingredient_id": "turkey_sausage", "name": "Turkey sausage", "grams": 100.0, "note": ""}, {"ingredient_id": "spinach", "name": "Spinach", "grams": 50.0, "note": ""}, {"ingredient_id": "cheddar", "name": "Cheddar cheese", "grams": 40.0, "note": ""}, {"ingredient_id": "salt", "name": "Salt", "grams": 1.0, "note": ""}, {"ingredient_id": "black_pepper", "name": "Black pepper", "grams": 1.0, "note": ""}] | N69: 355 | O69: 27 | P69: 21.7 | Q69: 12.2 | R69: 3.8 | S69: 8.4 | T69: 11 | U69: low | V69: 0.9 | W69: low | Y69: 0% of this dish's available carbohydrate comes from ingredients with a published, measured GI; the rest uses conventional placeholders (see Ingredients sheet) | Z69: 0 | AA69: gluten-free, nut-free, low-carb, high-protein | AB69: 1. Preheat oven to 375°F. Halve peppers lengthwise and remove seeds; bake 10 minutes. 2. Brown sausage and wilt spinach together. 3. Fill the pepper halves with sausage-spinach mix, pour in whisked eggs, top with cheddar. 4. Bake 18–20 minutes until eggs are set. | AC69: ["Preheat oven to 375°F. Halve peppers lengthwise and remove seeds; bake 10 minutes.", "Brown sausage and wilt spinach together.", "Fill the pepper halves with sausage-spinach mix, pour in whisked eggs, top with cheddar.", "Bake 18–20 minutes until eggs are set."]
A70: DB-0069 | B70: Tempeh Bacon, Lettuce & Tomato Wrap | C70: Breakfast | D70: American | E70: 2 | F70: 10 | G70: 10 | H70: 20 | I70: tempeh-bacon-lettuce-and-tomato-wrap.jpg | J70: Tempeh Bacon, Lettuce & Tomato Wrap, healthy food photography, plated, natural light | L70: Tempeh — 150 g (5.3 oz) Tamari (gluten-free soy sauce) — 15 g (0.5 oz) Smoked paprika — 2 g (0.1 oz) Pure maple syrup (small amount) — 5 g (0.2 oz) Low-carb high-fiber tortilla — 84 g (3.0 oz) [2 tortillas] Romaine lettuce — 60 g (2.1 oz) Tomato — 100 g (3.5 oz) Avocado — 60 g (2.1 oz) Extra-virgin olive oil — 8 g (0.3 oz) | M70: [{"ingredient_id": "tempeh", "name": "Tempeh", "grams": 150.0, "note": ""}, {"ingredient_id": "tamari", "name": "Tamari (gluten-free soy sauce)", "grams": 15.0, "note": ""}, {"ingredient_id": "smoked_paprika", "name": "Smoked paprika", "grams": 2.0, "note": ""}, {"ingredient_id": "maple_syrup", "name": "Pure maple syrup (small amount)", "grams": 5.0, "note": ""}, {"ingredient_id": "low_carb_tortilla", "name": "Low-carb high-fiber tortilla", "grams": 84.0, "note": "2 tortillas"}, {"ingredient_id": "romaine", "name": "Romaine lettuce", "grams": 60.0, "note": ""}, {"ingredient_id": "tomato", "name": "Tomato", "grams": 100.0, "note": ""}, {"ingredient_id": "avocado", "name": "Avocado", "grams": 60.0, "note": ""}, {"ingredient_id": "olive_oil", "name": "Extra-virgin olive oil", "grams": 8.0, "note": ""}] | N70: 360 | O70: 22.3 | P70: 20.4 | Q70: 30.9 | R70: 18.6 | S70: 12.2 | T70: 28 | U70: low | V70: 3.4 | W70: low | Y70: 14% of this dish's available carbohydrate comes from ingredients with a published, measured GI; the rest uses conventional placeholders (see Ingredients sheet) | Z70: 14 | AA70: vegan, dairy-free, nut-free, low-carb, high-fiber | AB70: 1. Slice tempeh thin and marinate 5 minutes in tamari, paprika and maple syrup. 2. Pan-fry in olive oil 3 minutes per side until crisp. 3. Fill tortillas with lettuce, tomato, avocado and tempeh bacon; roll up. | AC70: ["Slice tempeh thin and marinate 5 minutes in tamari, paprika and maple syrup.", "Pan-fry in olive oil 3 minutes per side until crisp.", "Fill tortillas with lettuce, tomato, avocado and tempeh bacon; roll up."]
A71: DB-0070 | B71: Salmon Cakes with Poached Eggs | C71: Breakfast | D71: American | E71: 2 | F71: 10 | G71: 12 | H71: 22 | I71: salmon-cakes-with-poached-eggs.jpg | J71: Salmon Cakes with Poached Eggs, healthy food photography, plated, natural light | L71: Canned salmon — 220 g (7.8 oz) Egg, large (50 g each) — 150 g (5.3 oz) [1 egg in cakes + 2 poached] Almond flour — 25 g (0.9 oz) Green onions (scallions) — 20 g (0.7 oz) Dijon mustard — 8 g (0.3 oz) Lemon juice — 8 g (0.3 oz) Extra-virgin olive oil — 12 g (0.4 oz) Arugula — 60 g (2.1 oz) | M71: [{"ingredient_id": "canned_salmon", "name": "Canned salmon", "grams": 220.0, "note": ""}, {"ingredient_id": "egg", "name": "Egg, large (50 g each)", "grams": 150.0, "note": "1 egg in cakes + 2 poached"}, {"ingredient_id": "almond_flour", "name": "Almond flour", "grams": 25.0, "note": ""}, {"ingredient_id": "green_onion", "name": "Green onions (scallions)", "grams": 20.0, "note": ""}, {"ingredient_id": "dijon", "name": "Dijon mustard", "grams": 8.0, "note": ""}, {"ingredient_id": "lemon_juice", "name": "Lemon juice", "grams": 8.0, "note": ""}, {"ingredient_id": "olive_oil", "name": "Extra-virgin olive oil", "grams": 12.0, "note": ""}, {"ingredient_id": "arugula", "name": "Arugula", "grams": 60.0, "note": ""}] | N71: 402 | O71: 35.2 | P71: 26.3 | Q71: 5.5 | R71: 2.4 | S71: 3.1 | T71: 13 | U71: low | V71: 0.4 | W71: low | X71: Negligible carbohydrate (<5 g net/serving): GI has little practical meaning, glycemic load is what matters. | Y71: 0% of this dish's available carbohydrate comes from ingredients with a published, measured GI; the rest uses conventional placeholders (see Ingredients sheet) | Z71: 0 | AA71: pescatarian, gluten-free, dairy-free, low-carb, high-protein, omega-3 | AB71: 1. Mix salmon, 1 egg, almond flour, green onion, Dijon and lemon juice; form 4 patties. 2. Pan-fry in olive oil 4 minutes per side until golden. 3. Poach the remaining 2 eggs. 4. Serve cakes on arugula topped with a poached egg. | AC71: ["Mix salmon, 1 egg, almond flour, green onion, Dijon and lemon juice; form 4 patties.", "Pan-fry in olive oil 4 minutes per side until golden.", "Poach the remaining 2 eggs.", "Serve cakes on arugula topped with a poached egg."]
A72: DB-0071 | B72: Pesto Egg Toast | C72: Breakfast | D72: Italian | E72: 1 | F72: 3 | G72: 5 | H72: 8 | I72: pesto-egg-toast.jpg | J72: Pesto Egg Toast, healthy food photography, plated, natural light | L72: Whole wheat bread (100% whole wheat) — 35 g (1.2 oz) [1 slice] Egg, large (50 g each) — 100 g (3.5 oz) [2 large eggs] Basil pesto — 15 g (0.5 oz) Cherry tomatoes — 50 g (1.8 oz) Parmesan, grated — 8 g (0.3 oz) | M72: [{"ingredient_id": "whole_grain_bread", "name": "Whole wheat bread (100% whole wheat)", "grams": 35.0, "note": "1 slice"}, {"ingredient_id": "egg", "name": "Egg, large (50 g each)", "grams": 100.0, "note": "2 large eggs"}, {"ingredient_id": "pesto", "name": "Basil pesto", "grams": 15.0, "note": ""}, {"ingredient_id": "cherry_tomato", "name": "Cherry tomatoes", "grams": 50.0, "note": ""}, {"ingredient_id": "parmesan", "name": "Parmesan, grated", "grams": 8.0, "note": ""}] | N72: 334 | O72: 21 | P72: 19.1 | Q72: 18.9 | R72: 3.2 | S72: 15.7 | T72: 59 | U72: medium | V72: 9.3 | W72: low | X72: Medium-GI dish: keep to the stated portion and pair with the protein/fat in the recipe; GL per serving is the better guide. | Y72: 81% of this dish's available carbohydrate comes from ingredients with a published, measured GI; the rest uses conventional placeholders (see Ingredients sheet) | Z72: 81 | AA72: vegetarian, quick | AB72: 1. Heat pesto in a nonstick pan and crack in the eggs; fry until whites set. 2. Toast the bread. 3. Slide the pesto eggs onto the toast and top with halved tomatoes and parmesan. | AC72: ["Heat pesto in a nonstick pan and crack in the eggs; fry until whites set.", "Toast the bread.", "Slide the pesto eggs onto the toast and top with halved tomatoes and parmesan."]
A73: DB-0072 | B73: Blackberry Ricotta Protein Crepes | C73: Breakfast | D73: French | E73: 2 | F73: 10 | G73: 12 | H73: 22 | I73: blackberry-ricotta-protein-crepes.jpg | J73: Blackberry Ricotta Protein Crepes, healthy food photography, plated, natural light | L73: Egg, large (50 g each) — 150 g (5.3 oz) [3 large eggs] Egg whites — 60 g (2.1 oz) [2 egg whites] Almond milk, unsweetened — 60 g (2.1 oz) Oat flour — 30 g (1.1 oz) Ricotta, part-skim — 150 g (5.3 oz) Blackberries — 120 g (4.2 oz) Vanilla extract — 3 g (0.1 oz) Monk fruit/erythritol sweetener — 8 g (0.3 oz) Coconut oil — 6 g (0.2 oz) | M73: [{"ingredient_id": "egg", "name": "Egg, large (50 g each)", "grams": 150.0, "note": "3 large eggs"}, {"ingredient_id": "egg_white", "name": "Egg whites", "grams": 60.0, "note": "2 egg whites"}, {"ingredient_id": "almond_milk", "name": "Almond milk, unsweetened", "grams": 60.0, "note": ""}, {"ingredient_id": "oat_flour", "name": "Oat flour", "grams": 30.0, "note": ""}, {"ingredient_id": "ricotta", "name": "Ricotta, part-skim", "grams": 150.0, "note": ""}, {"ingredient_id": "blackberries", "name": "Blackberries", "grams": 120.0, "note": ""}, {"ingredient_id": "vanilla_extract", "name": "Vanilla extract", "grams": 3.0, "note": ""}, {"ingredient_id": "monk_fruit_sweetener", "name": "Monk fruit/erythritol sweetener", "grams": 8.0, "note": ""}, {"ingredient_id": "coconut_oil", "name": "Coconut oil", "grams": 6.0, "note": ""}] | N73: 347 | O73: 24.3 | P73: 18.2 | Q73: 20.5 | R73: 4.2 | S73: 16.4 | T73: 38 | U73: low | V73: 6.2 | W73: low | Y73: 0% of this dish's available carbohydrate comes from ingredients with a published, measured GI; the rest uses conventional placeholders (see Ingredients sheet) | Z73: 0 | AA73: vegetarian | AB73: 1. Blend eggs, egg whites, almond milk, oat flour and vanilla into a thin batter. 2. Cook thin crepes in a lightly oiled pan, 1 minute per side; makes about 6. 3. Mix ricotta with sweetener, fill crepes, fold and top with blackberries. | AC73: ["Blend eggs, egg whites, almond milk, oat flour and vanilla into a thin batter.", "Cook thin crepes in a lightly oiled pan, 1 minute per side; makes about 6.", "Mix ricotta with sweetener, fill crepes, fold and top with blackberries."]
A74: DB-0073 | B74: Miso Egg Drop Breakfast Soup | C74: Breakfast | D74: Japanese | E74: 2 | F74: 5 | G74: 10 | H74: 15 | I74: miso-egg-drop-breakfast-soup.jpg | J74: Miso Egg Drop Breakfast Soup, healthy food photography, plated, natural light | L74: Chicken broth, low sodium — 600 g (21.2 oz) White miso paste — 20 g (0.7 oz) Egg, large (50 g each) — 100 g (3.5 oz) [2 large eggs] Tofu, extra-firm — 120 g (4.2 oz) Green onions (scallions) — 20 g (0.7 oz) Spinach — 60 g (2.1 oz) Nori seaweed sheets — 2 g (0.1 oz) Fresh ginger — 5 g (0.2 oz) | M74: [{"ingredient_id": "chicken_broth", "name": "Chicken broth, low sodium", "grams": 600.0, "note": ""}, {"ingredient_id": "miso", "name": "White miso paste", "grams": 20.0, "note": ""}, {"ingredient_id": "egg", "name": "Egg, large (50 g each)", "grams": 100.0, "note": "2 large eggs"}, {"ingredient_id": "tofu", "name": "Tofu, extra-firm", "grams": 120.0, "note": ""}, {"ingredient_id": "green_onion", "name": "Green onions (scallions)", "grams": 20.0, "note": ""}, {"ingredient_id": "spinach", "name": "Spinach", "grams": 60.0, "note": ""}, {"ingredient_id": "nori", "name": "Nori seaweed sheets", "grams": 2.0, "note": ""}, {"ingredient_id": "ginger", "name": "Fresh ginger", "grams": 5.0, "note": ""}] | N74: 211 | O74: 21.9 | P74: 11.5 | Q74: 8.6 | R74: 2.7 | S74: 5.9 | T74: 16 | U74: low | V74: 0.9 | W74: low | Y74: 0% of this dish's available carbohydrate comes from ingredients with a published, measured GI; the rest uses conventional placeholders (see Ingredients sheet) | Z74: 0 | AA74: vegetarian, dairy-free, nut-free, low-carb, quick | AB74: 1. Bring broth with ginger to a simmer; add cubed tofu and spinach. 2. Whisk miso with a ladle of hot broth and stir back in (do not boil). 3. Slowly pour in beaten eggs while stirring to form ribbons. 4. Top with green onion and torn nori. | AC74: ["Bring broth with ginger to a simmer; add cubed tofu and spinach.", "Whisk miso with a ladle of hot broth and stir back in (do not boil).", "Slowly pour in beaten eggs while stirring to form ribbons.", "Top with green onion and torn nori."]
A75: DB-0074 | B75: Zucchini Bread Protein Oatmeal | C75: Breakfast | D75: American | E75: 1 | F75: 5 | G75: 8 | H75: 13 | I75: zucchini-bread-protein-oatmeal.jpg | J75: Zucchini Bread Protein Oatmeal, healthy food photography, plated, natural light | L75: Rolled oats, dry — 40 g (1.4 oz) Zucchini — 80 g (2.8 oz) Almond milk, unsweetened — 200 g (7.1 oz) Egg whites — 60 g (2.1 oz) [2 egg whites] Ground cinnamon — 2 g (0.1 oz) Ground nutmeg — 0.3 g (0.0 oz) Walnuts — 15 g (0.5 oz) Monk fruit/erythritol sweetener — 5 g (0.2 oz) Vanilla extract — 2 g (0.1 oz) | M75: [{"ingredient_id": "rolled_oats", "name": "Rolled oats, dry", "grams": 40.0, "note": ""}, {"ingredient_id": "zucchini", "name": "Zucchini", "grams": 80.0, "note": ""}, {"ingredient_id": "almond_milk", "name": "Almond milk, unsweetened", "grams": 200.0, "note": ""}, {"ingredient_id": "egg_white", "name": "Egg whites", "grams": 60.0, "note": "2 egg whites"}, {"ingredient_id": "cinnamon", "name": "Ground cinnamon", "grams": 2.0, "note": ""}, {"ingredient_id": "nutmeg", "name": "Ground nutmeg", "grams": 0.3, "note": ""}, {"ingredient_id": "walnuts", "name": "Walnuts", "grams": 15.0, "note": ""}, {"ingredient_id": "monk_fruit_sweetener", "name": "Monk fruit/erythritol sweetener", "grams": 5.0, "note": ""}, {"ingredient_id": "vanilla_extract", "name": "Vanilla extract", "grams": 2.0, "note": ""}] | N75: 337 | O75: 16.3 | P75: 15.2 | Q75: 35.4 | R75: 6.9 | S75: 28.5 | T75: 49 | U75: low | V75: 14 | W75: medium | Y75: 81% of this dish's available carbohydrate comes from ingredients with a published, measured GI; the rest uses conventional placeholders (see Ingredients sheet) | Z75: 81 | AA75: vegetarian, dairy-free | AB75: 1. Simmer oats, grated zucchini and almond milk 5 minutes. 2. Whisk in egg whites while stirring quickly to thicken and add protein; cook 1 minute. 3. Stir in spices, vanilla and sweetener; top with walnuts. | AC75: ["Simmer oats, grated zucchini and almond milk 5 minutes.", "Whisk in egg whites while stirring quickly to thicken and add protein; cook 1 minute.", "Stir in spices, vanilla and sweetener; top with walnuts."]
A76: DB-0075 | B76: Loaded Veggie Egg White Wrap | C76: Breakfast | D76: American | E76: 1 | F76: 5 | G76: 8 | H76: 13 | I76: loaded-veggie-egg-white-wrap.jpg | J76: Loaded Veggie Egg White Wrap, healthy food photography, plated, natural light | L76: Low-carb high-fiber tortilla — 42 g (1.5 oz) [1 tortilla] Egg whites — 150 g (5.3 oz) [5 egg whites] Spinach — 40 g (1.4 oz) Mushrooms (cremini/white) — 50 g (1.8 oz) Roasted red peppers, jarred — 30 g (1.1 oz) Feta cheese — 20 g (0.7 oz) Extra-virgin olive oil — 5 g (0.2 oz) | M76: [{"ingredient_id": "low_carb_tortilla", "name": "Low-carb high-fiber tortilla", "grams": 42.0, "note": "1 tortilla"}, {"ingredient_id": "egg_white", "name": "Egg whites", "grams": 150.0, "note": "5 egg whites"}, {"ingredient_id": "spinach", "name": "Spinach", "grams": 40.0, "note": ""}, {"ingredient_id": "mushrooms", "name": "Mushrooms (cremini/white)", "grams": 50.0, "note": ""}, {"ingredient_id": "roasted_red_pepper", "name": "Roasted red peppers, jarred", "grams": 30.0, "note": ""}, {"ingredient_id": "feta", "name": "Feta cheese", "grams": 20.0, "note": ""}, {"ingredient_id": "olive_oil", "name": "Extra-virgin olive oil", "grams": 5.0, "note": ""}] | N76: 309 | O76: 27.4 | P76: 13.3 | Q76: 23.5 | R76: 12.5 | S76: 11.1 | T76: 21 | U76: low | V76: 2.3 | W76: low | Y76: 0% of this dish's available carbohydrate comes from ingredients with a published, measured GI; the rest uses conventional placeholders (see Ingredients sheet) | Z76: 0 | AA76: vegetarian, nut-free, low-carb, high-protein, high-fiber, quick | AB76: 1. Sauté mushrooms and spinach in olive oil 3 minutes. 2. Add egg whites and scramble until set; stir in roasted pepper and feta. 3. Spoon into the warmed tortilla and roll up. | AC76: ["Sauté mushrooms and spinach in olive oil 3 minutes.", "Add egg whites and scramble until set; stir in roasted pepper and feta.", "Spoon into the warmed tortilla and roll up."]
A77: DB-0076 | B77: Cherry Vanilla Protein Smoothie Bowl | C77: Breakfast | D77: American | E77: 1 | F77: 5 | G77: 0 | H77: 5 | I77: cherry-vanilla-protein-smoothie-bowl.jpg | J77: Cherry Vanilla Protein Smoothie Bowl, healthy food photography, plated, natural light | L77: Cherries, pitted — 100 g (3.5 oz) [frozen] Greek yogurt, plain 2% — 150 g (5.3 oz) Whey protein powder, unsweetened — 20 g (0.7 oz) Almond milk, unsweetened — 80 g (2.8 oz) Vanilla extract — 2 g (0.1 oz) Chia seeds — 8 g (0.3 oz) Almonds — 12 g (0.4 oz) Coconut, unsweetened shredded — 5 g (0.2 oz) | M77: [{"ingredient_id": "cherries", "name": "Cherries, pitted", "grams": 100.0, "note": "frozen"}, {"ingredient_id": "greek_yogurt", "name": "Greek yogurt, plain 2%", "grams": 150.0, "note": ""}, {"ingredient_id": "whey_protein", "name": "Whey protein powder, unsweetened", "grams": 20.0, "note": ""}, {"ingredient_id": "almond_milk", "name": "Almond milk, unsweetened", "grams": 80.0, "note": ""}, {"ingredient_id": "vanilla_extract", "name": "Vanilla extract", "grams": 2.0, "note": ""}, {"ingredient_id": "chia_seeds", "name": "Chia seeds", "grams": 8.0, "note": ""}, {"ingredient_id": "almonds", "name": "Almonds", "grams": 12.0, "note": ""}, {"ingredient_id": "coconut_shredded", "name": "Coconut, unsweetened shredded", "grams": 5.0, "note": ""}] | N77: 408 | O77: 36.4 | P77: 16.9 | Q77: 31.5 | R77: 7.3 | S77: 24.2 | T77: 23 | U77: low | V77: 5.6 | W77: low | Y77: 88% of this dish's available carbohydrate comes from ingredients with a published, measured GI; the rest uses conventional placeholders (see Ingredients sheet) | Z77: 88 | AA77: vegetarian, gluten-free, high-protein, high-fiber, no-cook, quick | AB77: 1. Blend frozen cherries, yogurt, protein powder, almond milk and vanilla until thick. 2. Spoon into a bowl. 3. Top with chia seeds, sliced almonds and coconut. | AC77: ["Blend frozen cherries, yogurt, protein powder, almond milk and vanilla until thick.", "Spoon into a bowl.", "Top with chia seeds, sliced almonds and coconut."]
A78: DB-0077 | B78: Corned-Beef-Style Brisket Hash with Cabbage | C78: Breakfast | D78: American | E78: 3 | F78: 10 | G78: 20 | H78: 30 | I78: corned-beef-style-brisket-hash-with-cabbage.jpg | J78: Corned-Beef-Style Brisket Hash with Cabbage, healthy food photography, plated, natural light | L78: Beef chuck roast, trimmed — 250 g (8.8 oz) [cooked, shredded] Green cabbage — 250 g (8.8 oz) Yellow onion — 80 g (2.8 oz) Bell pepper — 80 g (2.8 oz) Egg, large (50 g each) — 150 g (5.3 oz) [3 large eggs] Extra-virgin olive oil — 15 g (0.5 oz) Dijon mustard — 10 g (0.4 oz) Salt — 2 g (0.1 oz) Black pepper — 1 g (0.0 oz) | M78: [{"ingredient_id": "beef_chuck", "name": "Beef chuck roast, trimmed", "grams": 250.0, "note": "cooked, shredded"}, {"ingredient_id": "cabbage", "name": "Green cabbage", "grams": 250.0, "note": ""}, {"ingredient_id": "onion", "name": "Yellow onion", "grams": 80.0, "note": ""}, {"ingredient_id": "bell_pepper", "name": "Bell pepper", "grams": 80.0, "note": ""}, {"ingredient_id": "egg", "name": "Egg, large (50 g each)", "grams": 150.0, "note": "3 large eggs"}, {"ingredient_id": "olive_oil", "name": "Extra-virgin olive oil", "grams": 15.0, "note": ""}, {"ingredient_id": "dijon", "name": "Dijon mustard", "grams": 10.0, "note": ""}, {"ingredient_id": "salt", "name": "Salt", "grams": 2.0, "note": ""}, {"ingredient_id": "black_pepper", "name": "Black pepper", "grams": 1.0, "note": ""}] | N78: 309 | O78: 24.8 | P78: 19.2 | Q78: 9.6 | R78: 3.3 | S78: 6.4 | T78: 14 | U78: low | V78: 0.9 | W78: low | Y78: 0% of this dish's available carbohydrate comes from ingredients with a published, measured GI; the rest uses conventional placeholders (see Ingredients sheet) | Z78: 0 | AA78: gluten-free, dairy-free, nut-free, low-carb | AB78: 1. Sauté onion, pepper and shredded cabbage in olive oil until softened and browned in spots, 8 minutes. 2. Add shredded cooked beef and Dijon; press down and crisp 4 minutes. 3. Fry eggs and serve on top of the hash. | AC78: ["Sauté onion, pepper and shredded cabbage in olive oil until softened and browned in spots, 8 minutes.", "Add shredded cooked beef and Dijon; press down and crisp 4 minutes.", "Fry eggs and serve on top of the hash."]
A79: DB-0078 | B79: Golden Turmeric Scramble with Chickpeas | C79: Breakfast | D79: Indian | E79: 2 | F79: 5 | G79: 10 | H79: 15 | I79: golden-turmeric-scramble-with-chickpeas.jpg | J79: Golden Turmeric Scramble with Chickpeas, healthy food photography, plated, natural light | L79: Egg, large (50 g each) — 200 g (7.1 oz) [4 large eggs] Chickpeas, cooked — 120 g (4.2 oz) Spinach — 80 g (2.8 oz) Yellow onion — 50 g (1.8 oz) Ground turmeric — 2 g (0.1 oz) Ground cumin — 1 g (0.0 oz) Extra-virgin olive oil — 10 g (0.4 oz) Fresh cilantro — 6 g (0.2 oz) Salt — 1 g (0.0 oz) | M79: [{"ingredient_id": "egg", "name": "Egg, large (50 g each)", "grams": 200.0, "note": "4 large eggs"}, {"ingredient_id": "chickpeas", "name": "Chickpeas, cooked", "grams": 120.0, "note": ""}, {"ingredient_id": "spinach", "name": "Spinach", "grams": 80.0, "note": ""}, {"ingredient_id": "onion", "name": "Yellow onion", "grams": 50.0, "note": ""}, {"ingredient_id": "turmeric", "name": "Ground turmeric", "grams": 2.0, "note": ""}, {"ingredient_id": "cumin", "name": "Ground cumin", "grams": 1.0, "note": ""}, {"ingredient_id": "olive_oil", "name": "Extra-virgin olive oil", "grams": 10.0, "note": ""}, {"ingredient_id": "cilantro", "name": "Fresh cilantro", "grams": 6.0, "note": ""}, {"ingredient_id": "salt", "name": "Salt", "grams": 1.0, "note": ""}] | N79: 310 | O79: 19.6 | P79: 16.4 | Q79: 21.7 | R79: 6.2 | S79: 15.4 | T79: 32 | U79: low | V79: 4.9 | W79: low | Y79: 75% of this dish's available carbohydrate comes from ingredients with a published, measured GI; the rest uses conventional placeholders (see Ingredients sheet) | Z79: 75 | AA79: vegetarian, gluten-free, dairy-free, nut-free, quick | AB79: 1. Sauté onion in olive oil with turmeric and cumin for 3 minutes. 2. Add chickpeas and spinach; cook until spinach wilts. 3. Pour in whisked eggs and scramble softly. Season and garnish with cilantro. | AC79: ["Sauté onion in olive oil with turmeric and cumin for 3 minutes.", "Add chickpeas and spinach; cook until spinach wilts.", "Pour in whisked eggs and scramble softly. Season and garnish with cilantro."]
A80: DB-0079 | B80: Egg White & Turkey Bacon Power Bowl | C80: Breakfast | D80: American | E80: 1 | F80: 5 | G80: 10 | H80: 15 | I80: egg-white-and-turkey-bacon-power-bowl.jpg | J80: Egg White & Turkey Bacon Power Bowl, healthy food photography, plated, natural light | L80: Egg whites — 180 g (6.3 oz) [6 egg whites] Turkey bacon — 45 g (1.6 oz) [3 slices] Cherry tomatoes — 80 g (2.8 oz) Avocado — 50 g (1.8 oz) Spinach — 40 g (1.4 oz) Extra-virgin olive oil — 5 g (0.2 oz) Everything bagel seasoning — 2 g (0.1 oz) | M80: [{"ingredient_id": "egg_white", "name": "Egg whites", "grams": 180.0, "note": "6 egg whites"}, {"ingredient_id": "turkey_bacon", "name": "Turkey bacon", "grams": 45.0, "note": "3 slices"}, {"ingredient_id": "cherry_tomato", "name": "Cherry tomatoes", "grams": 80.0, "note": ""}, {"ingredient_id": "avocado", "name": "Avocado", "grams": 50.0, "note": ""}, {"ingredient_id": "spinach", "name": "Spinach", "grams": 40.0, "note": ""}, {"ingredient_id": "olive_oil", "name": "Extra-virgin olive oil", "grams": 5.0, "note": ""}, {"ingredient_id": "everything_seasoning", "name": "Everything bagel seasoning", "grams": 2.0, "note": ""}] | N80: 346 | O80: 31.1 | P80: 20.3 | Q80: 11.6 | R80: 5.4 | S80: 6.2 | T80: 10 | U80: low | V80: 0.6 | W80: low | Y80: 0% of this dish's available carbohydrate comes from ingredients with a published, measured GI; the rest uses conventional placeholders (see Ingredients sheet) | Z80: 0 | AA80: gluten-free, dairy-free, nut-free, low-carb, high-protein, quick | AB80: 1. Cook turkey bacon until crisp and chop. 2. Wilt spinach in olive oil, add egg whites and scramble. 3. Assemble in a bowl with tomatoes and avocado; sprinkle with everything seasoning. | AC80: ["Cook turkey bacon until crisp and chop.", "Wilt spinach in olive oil, add egg whites and scramble.", "Assemble in a bowl with tomatoes and avocado; sprinkle with everything seasoning."]
A81: DB-0080 | B81: Apple Pie Chia Pudding | C81: Breakfast | D81: American | E81: 2 | F81: 5 | G81: 5 | H81: 10 | I81: apple-pie-chia-pudding.jpg | J81: Apple Pie Chia Pudding, healthy food photography, plated, natural light | L81: Chia seeds — 40 g (1.4 oz) Almond milk, unsweetened — 300 g (10.6 oz) Apple — 120 g (4.2 oz) Ground cinnamon — 3 g (0.1 oz) Ground nutmeg — 0.3 g (0.0 oz) Walnuts — 20 g (0.7 oz) Monk fruit/erythritol sweetener — 6 g (0.2 oz) Vanilla extract — 2 g (0.1 oz) | M81: [{"ingredient_id": "chia_seeds", "name": "Chia seeds", "grams": 40.0, "note": ""}, {"ingredient_id": "almond_milk", "name": "Almond milk, unsweetened", "grams": 300.0, "note": ""}, {"ingredient_id": "apple", "name": "Apple", "grams": 120.0, "note": ""}, {"ingredient_id": "cinnamon", "name": "Ground cinnamon", "grams": 3.0, "note": ""}, {"ingredient_id": "nutmeg", "name": "Ground nutmeg", "grams": 0.3, "note": ""}, {"ingredient_id": "walnuts", "name": "Walnuts", "grams": 20.0, "note": ""}, {"ingredient_id": "monk_fruit_sweetener", "name": "Monk fruit/erythritol sweetener", "grams": 6.0, "note": ""}, {"ingredient_id": "vanilla_extract", "name": "Vanilla extract", "grams": 2.0, "note": ""}] | N81: 224 | O81: 6 | P81: 14.7 | Q81: 20.5 | R81: 9.7 | S81: 10.8 | T81: 29 | U81: low | V81: 3.1 | W81: low | Y81: 65% of this dish's available carbohydrate comes from ingredients with a published, measured GI; the rest uses conventional placeholders (see Ingredients sheet) | Z81: 65 | AA81: vegan, gluten-free, dairy-free, low-carb, high-fiber, make-ahead | AB81: 1. Whisk chia, almond milk, sweetener, vanilla and half the cinnamon; refrigerate overnight. 2. Sauté diced apple with the remaining cinnamon and nutmeg for 4 minutes until soft. 3. Top the pudding with warm apple and walnuts. | AC81: ["Whisk chia, almond milk, sweetener, vanilla and half the cinnamon; refrigerate overnight.", "Sauté diced apple with the remaining cinnamon and nutmeg for 4 minutes until soft.", "Top the pudding with warm apple and walnuts."]
A82: DB-0081 | B82: Herbed Goat Cheese Scramble on Rye | C82: Breakfast | D82: French | E82: 1 | F82: 5 | G82: 5 | H82: 10 | I82: herbed-goat-cheese-scramble-on-rye.jpg | J82: Herbed Goat Cheese Scramble on Rye, healthy food photography, plated, natural light | L82: Egg, large (50 g each) — 100 g (3.5 oz) [2 large eggs] Goat cheese — 25 g (0.9 oz) Fresh chives — 4 g (0.1 oz) Fresh dill — 2 g (0.1 oz) Pumpernickel / whole rye bread — 35 g (1.2 oz) [1 slice] Butter — 6 g (0.2 oz) Black pepper — 1 g (0.0 oz) | M82: [{"ingredient_id": "egg", "name": "Egg, large (50 g each)", "grams": 100.0, "note": "2 large eggs"}, {"ingredient_id": "goat_cheese", "name": "Goat cheese", "grams": 25.0, "note": ""}, {"ingredient_id": "chives", "name": "Fresh chives", "grams": 4.0, "note": ""}, {"ingredient_id": "dill", "name": "Fresh dill", "grams": 2.0, "note": ""}, {"ingredient_id": "rye_bread", "name": "Pumpernickel / whole rye bread", "grams": 35.0, "note": "1 slice"}, {"ingredient_id": "butter", "name": "Butter", "grams": 6.0, "note": ""}, {"ingredient_id": "black_pepper", "name": "Black pepper", "grams": 1.0, "note": ""}] | N82: 369 | O82: 21.5 | P82: 23 | Q82: 18.1 | R82: 2.7 | S82: 15.4 | T82: 46 | U82: low | V82: 7.1 | W82: low | Y82: 92% of this dish's available carbohydrate comes from ingredients with a published, measured GI; the rest uses conventional placeholders (see Ingredients sheet) | Z82: 92 | AA82: vegetarian, nut-free, quick | AB82: 1. Whisk eggs with pepper and cook in butter over low heat, stirring for soft curds. 2. Fold in goat cheese and herbs off the heat. 3. Serve over toasted rye. | AC82: ["Whisk eggs with pepper and cook in butter over low heat, stirring for soft curds.", "Fold in goat cheese and herbs off the heat.", "Serve over toasted rye."]
A83: DB-0082 | B83: Sausage & Egg Cauliflower Breakfast Burrito Bowl | C83: Breakfast | D83: Tex-Mex | E83: 2 | F83: 10 | G83: 15 | H83: 25 | I83: sausage-and-egg-cauliflower-breakfast-burrito-bowl.jpg | J83: Sausage & Egg Cauliflower Breakfast Burrito Bowl, healthy food photography, plated, natural light | L83: Cauliflower rice — 300 g (10.6 oz) Chicken sausage — 150 g (5.3 oz) Egg, large (50 g each) — 200 g (7.1 oz) [4 large eggs] Black beans, cooked — 100 g (3.5 oz) Salsa, no sugar added — 80 g (2.8 oz) Avocado — 60 g (2.1 oz) Cheddar cheese — 40 g (1.4 oz) Extra-virgin olive oil — 10 g (0.4 oz) Ground cumin — 1 g (0.0 oz) Fresh cilantro — 5 g (0.2 oz) | M83: [{"ingredient_id": "cauliflower_rice", "name": "Cauliflower rice", "grams": 300.0, "note": ""}, {"ingredient_id": "chicken_sausage", "name": "Chicken sausage", "grams": 150.0, "note": ""}, {"ingredient_id": "egg", "name": "Egg, large (50 g each)", "grams": 200.0, "note": "4 large eggs"}, {"ingredient_id": "black_beans", "name": "Black beans, cooked", "grams": 100.0, "note": ""}, {"ingredient_id": "salsa", "name": "Salsa, no sugar added", "grams": 80.0, "note": ""}, {"ingredient_id": "avocado", "name": "Avocado", "grams": 60.0, "note": ""}, {"ingredient_id": "cheddar", "name": "Cheddar cheese", "grams": 40.0, "note": ""}, {"ingredient_id": "olive_oil", "name": "Extra-virgin olive oil", "grams": 10.0, "note": ""}, {"ingredient_id": "cumin", "name": "Ground cumin", "grams": 1.0, "note": ""}, {"ingredient_id": "cilantro", "name": "Fresh cilantro", "grams": 5.0, "note": ""}] | N83: 564 | O83: 37.1 | P83: 34.8 | Q83: 27.5 | R83: 10.1 | S83: 17.4 | T83: 21 | U83: low | V83: 3.7 | W83: low | Y83: 43% of this dish's available carbohydrate comes from ingredients with a published, measured GI; the rest uses conventional placeholders (see Ingredients sheet) | Z83: 43 | AA83: gluten-free, nut-free, high-protein, high-fiber | AB83: 1. Sauté cauliflower rice with cumin in half the oil 5 minutes; season and divide into bowls. 2. Brown sliced sausage, add beans and warm through. 3. Scramble the eggs in the remaining oil. 4. Top the cauliflower with sausage, beans, eggs, cheddar, salsa, avocado and cilantro. | AC83: ["Sauté cauliflower rice with cumin in half the oil 5 minutes; season and divide into bowls.", "Brown sliced sausage, add beans and warm through.", "Scramble the eggs in the remaining oil.", "Top the cauliflower with sausage, beans, eggs, cheddar, salsa, avocado and cilantro."]
A84: DB-0083 | B84: Peach Cottage Cheese Smoothie | C84: Breakfast | D84: American | E84: 1 | F84: 5 | G84: 0 | H84: 5 | I84: peach-cottage-cheese-smoothie.jpg | J84: Peach Cottage Cheese Smoothie, healthy food photography, plated, natural light | L84: Cottage cheese, low-fat — 150 g (5.3 oz) Peach — 120 g (4.2 oz) [frozen] Almond milk, unsweetened — 150 g (5.3 oz) Vanilla extract — 2 g (0.1 oz) Ground flaxseed — 8 g (0.3 oz) Ground cinnamon — 1 g (0.0 oz) | M84: [{"ingredient_id": "cottage_cheese", "name": "Cottage cheese, low-fat", "grams": 150.0, "note": ""}, {"ingredient_id": "peach", "name": "Peach", "grams": 120.0, "note": "frozen"}, {"ingredient_id": "almond_milk", "name": "Almond milk, unsweetened", "grams": 150.0, "note": ""}, {"ingredient_id": "vanilla_extract", "name": "Vanilla extract", "grams": 2.0, "note": ""}, {"ingredient_id": "flaxseed", "name": "Ground flaxseed", "grams": 8.0, "note": ""}, {"ingredient_id": "cinnamon", "name": "Ground cinnamon", "grams": 1.0, "note": ""}] | N84: 246 | O84: 20 | P84: 9 | Q84: 22.1 | R84: 4.5 | S84: 17.6 | T84: 36 | U84: low | V84: 6.4 | W84: low | Y84: 54% of this dish's available carbohydrate comes from ingredients with a published, measured GI; the rest uses conventional placeholders (see Ingredients sheet) | Z84: 54 | AA84: vegetarian, gluten-free, no-cook, quick | AB84: 1. Blend all ingredients until smooth. 2. Add ice for a thicker texture. 3. Pour and serve. | AC84: ["Blend all ingredients until smooth.", "Add ice for a thicker texture.", "Pour and serve."]
... A89: DB-0088 | B89: Southwestern Sweet Potato Egg Boats | C89: Breakfast | D89: Tex-Mex | E89: 2 | F89: 10 | G89: 50 | H89: 60 | I89: southwestern-sweet-potato-egg-boats.jpg | J89: Southwestern Sweet Potato Egg Boats, healthy food photography, plated, natural light | L89: Sweet potato, boiled/simmered — 200 g (7.1 oz) [2 small (100 g each)] Egg, large (50 g each) — 100 g (3.5 oz) [2 large eggs] Black beans, cooked — 80 g (2.8 oz) Salsa, no sugar added — 60 g (2.1 oz) Cheddar cheese — 30 g (1.1 oz) Avocado — 50 g (1.8 oz) Fresh cilantro — 5 g (0.2 oz) Ground cumin — 1 g (0.0 oz) | M89: [{"ingredient_id": "sweet_potato", "name": "Sweet potato, boiled/simmered", "grams": 200.0, "note": "2 small (100 g each)"}, {"ingredient_id": "egg", "name": "Egg, large (50 g each)", "grams": 100.0, "note": "2 large eggs"}, {"ingredient_id": "black_beans", "name": "Black beans, cooked", "grams": 80.0, "note": ""}, {"ingredient_id": "salsa", "name": "Salsa, no sugar added", "grams": 60.0, "note": ""}, {"ingredient_id": "cheddar", "name": "Cheddar cheese", "grams": 30.0, "note": ""}, {"ingredient_id": "avocado", "name": "Avocado", "grams": 50.0, "note": ""}, {"ingredient_id": "cilantro", "name": "Fresh cilantro", "grams": 5.0, "note": ""}, {"ingredient_id": "cumin", "name": "Ground cumin", "grams": 1.0, "note": ""}] | N89: 324 | O89: 16 | P89: 13.9 | Q89: 34.6 | R89: 8.7 | S89: 25.8 | T89: 40 | U89: low | V89: 10.3 | W89: medium | Y89: 89% of this dish's available carbohydrate comes from ingredients with a published, measured GI; the rest uses conventional placeholders (see Ingredients sheet) | Z89: 89 | AA89: vegetarian, gluten-free, nut-free, high-fiber | AB89: 1. Boil whole sweet potatoes 20–25 minutes until tender (boiling keeps the GI far lower than baking); cool slightly. 2. Split, scoop out some flesh to make a well; fill with beans and cumin. 3. Crack an egg into each, top with cheddar and bake 12 minutes until set. 4. Serve with salsa, avocado and cilantro. | AC89: ["Boil whole sweet potatoes 20–25 minutes until tender (boiling keeps the GI far lower than baking); cool slightly.", "Split, scoop out some flesh to make a well; fill with beans and cumin.", "Crack an egg into each, top with cheddar and bake 12 minutes until set.", "Serve with salsa, avocado and cilantro."]
A90: DB-0089 | B90: Broccoli Cheddar Egg White Bites | C90: Breakfast | D90: American | E90: 4 | F90: 10 | G90: 20 | H90: 30 | I90: broccoli-cheddar-egg-white-bites.jpg | J90: Broccoli Cheddar Egg White Bites, healthy food photography, plated, natural light | L90: Egg whites — 360 g (12.7 oz) [12 egg whites] Broccoli — 200 g (7.1 oz) Cheddar cheese — 80 g (2.8 oz) Cottage cheese, low-fat — 100 g (3.5 oz) Onion powder — 1 g (0.0 oz) Salt — 2 g (0.1 oz) | M90: [{"ingredient_id": "egg_white", "name": "Egg whites", "grams": 360.0, "note": "12 egg whites"}, {"ingredient_id": "broccoli", "name": "Broccoli", "grams": 200.0, "note": ""}, {"ingredient_id": "cheddar", "name": "Cheddar cheese", "grams": 80.0, "note": ""}, {"ingredient_id": "cottage_cheese", "name": "Cottage cheese, low-fat", "grams": 100.0, "note": ""}, {"ingredient_id": "onion_powder", "name": "Onion powder", "grams": 1.0, "note": ""}, {"ingredient_id": "salt", "name": "Salt", "grams": 2.0, "note": ""}] | N90: 166 | O90: 18.7 | P90: 7.6 | Q90: 5.5 | R90: 1.3 | S90: 4.1 | T90: 10 | U90: low | V90: 0.4 | W90: low | X90: Negligible carbohydrate (<5 g net/serving): GI has little practical meaning, glycemic load is what matters. | Y90: 0% of this dish's available carbohydrate comes from ingredients with a published, measured GI; the rest uses conventional placeholders (see Ingredients sheet) | Z90: 0 | AA90: vegetarian, gluten-free, nut-free, low-carb, make-ahead | AB90: 1. Preheat oven to 350°F and oil a muffin tin. 2. Blend egg whites with cottage cheese, salt and onion powder. 3. Divide chopped steamed broccoli and cheddar among cups, pour in the mixture. 4. Bake 18–20 minutes. | AC90: ["Preheat oven to 350°F and oil a muffin tin.", "Blend egg whites with cottage cheese, salt and onion powder.", "Divide chopped steamed broccoli and cheddar among cups, pour in the mixture.", "Bake 18–20 minutes."]
A91: DB-0090 | B91: Turkish Menemen | C91: Breakfast | D91: Turkish | E91: 2 | F91: 10 | G91: 15 | H91: 25 | I91: turkish-menemen.jpg | J91: Turkish Menemen, healthy food photography, plated, natural light | L91: Egg, large (50 g each) — 200 g (7.1 oz) [4 large eggs] Tomato — 300 g (10.6 oz) Bell pepper — 150 g (5.3 oz) Yellow onion — 60 g (2.1 oz) Extra-virgin olive oil — 15 g (0.5 oz) Red pepper flakes — 1 g (0.0 oz) Feta cheese — 30 g (1.1 oz) Fresh parsley — 8 g (0.3 oz) Salt — 2 g (0.1 oz) | M91: [{"ingredient_id": "egg", "name": "Egg, large (50 g each)", "grams": 200.0, "note": "4 large eggs"}, {"ingredient_id": "tomato", "name": "Tomato", "grams": 300.0, "note": ""}, {"ingredient_id": "bell_pepper", "name": "Bell pepper", "grams": 150.0, "note": ""}, {"ingredient_id": "onion", "name": "Yellow onion", "grams": 60.0, "note": ""}, {"ingredient_id": "olive_oil", "name": "Extra-virgin olive oil", "grams": 15.0, "note": ""}, {"ingredient_id": "red_pepper_flakes", "name": "Red pepper flakes", "grams": 1.0, "note": ""}, {"ingredient_id": "feta", "name": "Feta cheese", "grams": 30.0, "note": ""}, {"ingredient_id": "parsley", "name": "Fresh parsley", "grams": 8.0, "note": ""}, {"ingredient_id": "salt", "name": "Salt", "grams": 2.0, "note": ""}] | N91: 314 | O91: 17.3 | P91: 20.8 | Q91: 15 | R91: 4.2 | S91: 10.8 | T91: 13 | U91: low | V91: 1.4 | W91: low | Y91: 0% of this dish's available carbohydrate comes from ingredients with a published, measured GI; the rest uses conventional placeholders (see Ingredients sheet) | Z91: 0 | AA91: vegetarian, gluten-free, nut-free, low-carb | AB91: 1. Soften onion and pepper in olive oil 6 minutes. 2. Add chopped tomatoes and cook down 6 minutes into a thick sauce; season. 3. Pour in beaten eggs and stir slowly until soft-set. 4. Top with feta, parsley and pepper flakes. | AC91: ["Soften onion and pepper in olive oil 6 minutes.", "Add chopped tomatoes and cook down 6 minutes into a thick sauce; season.", "Pour in beaten eggs and stir slowly until soft-set.", "Top with feta, parsley and pepper flakes."]
A92: DB-0091 | B92: Oat Bran Porridge with Walnuts & Cinnamon | C92: Breakfast | D92: American | E92: 1 | F92: 2 | G92: 5 | H92: 7 | I92: oat-bran-porridge-with-walnuts-and-cinnamon.jpg | J92: Oat Bran Porridge with Walnuts & Cinnamon, healthy food photography, plated, natural light | L92: Oat bran, dry — 40 g (1.4 oz) Almond milk, unsweetened — 250 g (8.8 oz) Walnuts — 15 g (0.5 oz) Ground cinnamon — 2 g (0.1 oz) Ground flaxseed — 8 g (0.3 oz) Blueberries — 50 g (1.8 oz) | M92: [{"ingredient_id": "oat_bran", "name": "Oat bran, dry", "grams": 40.0, "note": ""}, {"ingredient_id": "almond_milk", "name": "Almond milk, unsweetened", "grams": 250.0, "note": ""}, {"ingredient_id": "walnuts", "name": "Walnuts", "grams": 15.0, "note": ""}, {"ingredient_id": "cinnamon", "name": "Ground cinnamon", "grams": 2.0, "note": ""}, {"ingredient_id": "flaxseed", "name": "Ground flaxseed", "grams": 8.0, "note": ""}, {"ingredient_id": "blueberries", "name": "Blueberries", "grams": 50.0, "note": ""}] | N92: 310 | O92: 12.4 | P92: 19.1 | Q92: 41.2 | R92: 11.4 | S92: 29.8 | T92: 50 | U92: low | V92: 14.9 | W92: medium | Y92: 89% of this dish's available carbohydrate comes from ingredients with a published, measured GI; the rest uses conventional placeholders (see Ingredients sheet) | Z92: 89 | AA92: vegan, dairy-free, high-fiber, quick | AB92: 1. Simmer oat bran and almond milk, stirring, 3–4 minutes until thick. 2. Stir in cinnamon and flaxseed. 3. Top with walnuts and blueberries. | AC92: ["Simmer oat bran and almond milk, stirring, 3–4 minutes until thick.", "Stir in cinnamon and flaxseed.", "Top with walnuts and blueberries."]
A93: DB-0092 | B93: Greek Egg & Spinach Pita Pocket | C93: Breakfast | D93: Greek | E93: 1 | F93: 5 | G93: 6 | H93: 11 | I93: greek-egg-and-spinach-pita-pocket.jpg | J93: Greek Egg & Spinach Pita Pocket, healthy food photography, plated, natural light | L93: Whole wheat pita — 60 g (2.1 oz) [1 pita] Egg, large (50 g each) — 100 g (3.5 oz) [2 large eggs] Spinach — 50 g (1.8 oz) Feta cheese — 20 g (0.7 oz) Tomato — 50 g (1.8 oz) Olives (kalamata/green) — 15 g (0.5 oz) Extra-virgin olive oil — 5 g (0.2 oz) Dried oregano — 1 g (0.0 oz) | M93: [{"ingredient_id": "whole_wheat_pita", "name": "Whole wheat pita", "grams": 60.0, "note": "1 pita"}, {"ingredient_id": "egg", "name": "Egg, large (50 g each)", "grams": 100.0, "note": "2 large eggs"}, {"ingredient_id": "spinach", "name": "Spinach", "grams": 50.0, "note": ""}, {"ingredient_id": "feta", "name": "Feta cheese", "grams": 20.0, "note": ""}, {"ingredient_id": "tomato", "name": "Tomato", "grams": 50.0, "note": ""}, {"ingredient_id": "olives", "name": "Olives (kalamata/green)", "grams": 15.0, "note": ""}, {"ingredient_id": "olive_oil", "name": "Extra-virgin olive oil", "grams": 5.0, "note": ""}, {"ingredient_id": "oregano", "name": "Dried oregano", "grams": 1.0, "note": ""}] | N93: 440 | O93: 23.5 | P93: 22.3 | Q93: 39.8 | R93: 7 | S93: 32.8 | T93: 51 | U93: low | V93: 16.7 | W93: medium | Y93: 87% of this dish's available carbohydrate comes from ingredients with a published, measured GI; the rest uses conventional placeholders (see Ingredients sheet) | Z93: 87 | AA93: vegetarian, nut-free, high-fiber, quick | AB93: 1. Wilt spinach in olive oil, add whisked eggs with oregano and scramble. 2. Warm the pita and split open. 3. Stuff with eggs, feta, tomato and chopped olives. | AC93: ["Wilt spinach in olive oil, add whisked eggs with oregano and scramble.", "Warm the pita and split open.", "Stuff with eggs, feta, tomato and chopped olives."]
A94: DB-0093 | B94: Blueberry Lemon Protein Muffins | C94: Breakfast | D94: American | E94: 6 | F94: 10 | G94: 22 | H94: 32 | I94: blueberry-lemon-protein-muffins.jpg | J94: Blueberry Lemon Protein Muffins, healthy food photography, plated, natural light | L94: Almond flour — 180 g (6.3 oz) Whey protein powder, unsweetened — 40 g (1.4 oz) Egg, large (50 g each) — 150 g (5.3 oz) [3 large eggs] Greek yogurt, plain 2% — 120 g (4.2 oz) Blueberries — 120 g (4.2 oz) Lemon (with juice & zest) — 40 g (1.4 oz) [zest + juice] Baking powder — 5 g (0.2 oz) Monk fruit/erythritol sweetener — 30 g (1.1 oz) Coconut oil — 20 g (0.7 oz) | M94: [{"ingredient_id": "almond_flour", "name": "Almond flour", "grams": 180.0, "note": ""}, {"ingredient_id": "whey_protein", "name": "Whey protein powder, unsweetened", "grams": 40.0, "note": ""}, {"ingredient_id": "egg", "name": "Egg, large (50 g each)", "grams": 150.0, "note": "3 large eggs"}, {"ingredient_id": "greek_yogurt", "name": "Greek yogurt, plain 2%", "grams": 120.0, "note": ""}, {"ingredient_id": "blueberries", "name": "Blueberries", "grams": 120.0, "note": ""}, {"ingredient_id": "lemon", "name": "Lemon (with juice & zest)", "grams": 40.0, "note": "zest + juice"}, {"ingredient_id": "baking_powder", "name": "Baking powder", "grams": 5.0, "note": ""}, {"ingredient_id": "monk_fruit_sweetener", "name": "Monk fruit/erythritol sweetener", "grams": 30.0, "note": ""}, {"ingredient_id": "coconut_oil", "name": "Coconut oil", "grams": 20.0, "note": ""}] | N94: 295 | O94: 16.9 | P94: 21.5 | Q94: 11.6 | R94: 4.3 | S94: 7.2 | T94: 28 | U94: low | V94: 2 | W94: low | Y94: 51% of this dish's available carbohydrate comes from ingredients with a published, measured GI; the rest uses conventional placeholders (see Ingredients sheet) | Z94: 51 | AA94: vegetarian, gluten-free, low-carb, make-ahead | AB94: 1. Preheat oven to 350°F and line 12 muffin cups. 2. Whisk eggs, yogurt, melted coconut oil, lemon zest and juice; stir in almond flour, protein, baking powder and sweetener. 3. Fold in blueberries and divide among cups. 4. Bake 20–22 minutes; cool before storing. | AC94: ["Preheat oven to 350°F and line 12 muffin cups.", "Whisk eggs, yogurt, melted coconut oil, lemon zest and juice; stir in almond flour, protein, baking powder and sweetener.", "Fold in blueberries and divide among cups.", "Bake 20–22 minutes; cool before storing."]
A95: DB-0094 | B95: Wild Mushroom & Thyme Scramble | C95: Breakfast | D95: American | E95: 2 | F95: 5 | G95: 10 | H95: 15 | I95: wild-mushroom-and-thyme-scramble.jpg | J95: Wild Mushroom & Thyme Scramble, healthy food photography, plated, natural light | L95: Egg, large (50 g each) — 200 g (7.1 oz) [4 large eggs] Shiitake mushrooms — 100 g (3.5 oz) Mushrooms (cremini/white) — 100 g (3.5 oz) Fresh thyme — 2 g (0.1 oz) Garlic — 5 g (0.2 oz) Extra-virgin olive oil — 12 g (0.4 oz) Parmesan, grated — 20 g (0.7 oz) Salt — 1 g (0.0 oz) | M95: [{"ingredient_id": "egg", "name": "Egg, large (50 g each)", "grams": 200.0, "note": "4 large eggs"}, {"ingredient_id": "shiitake", "name": "Shiitake mushrooms", "grams": 100.0, "note": ""}, {"ingredient_id": "mushrooms", "name": "Mushrooms (cremini/white)", "grams": 100.0, "note": ""}, {"ingredient_id": "thyme", "name": "Fresh thyme", "grams": 2.0, "note": ""}, {"ingredient_id": "garlic", "name": "Garlic", "grams": 5.0, "note": ""}, {"ingredient_id": "olive_oil", "name": "Extra-virgin olive oil", "grams": 12.0, "note": ""}, {"ingredient_id": "parmesan", "name": "Parmesan, grated", "grams": 20.0, "note": ""}, {"ingredient_id": "salt", "name": "Salt", "grams": 1.0, "note": ""}] | N95: 272 | O95: 19.3 | P95: 18.8 | Q95: 7.2 | R95: 1.9 | S95: 5.3 | T95: 14 | U95: low | V95: 0.7 | W95: low | Y95: 0% of this dish's available carbohydrate comes from ingredients with a published, measured GI; the rest uses conventional placeholders (see Ingredients sheet) | Z95: 0 | AA95: vegetarian, gluten-free, nut-free, low-carb, quick | AB95: 1. Sear mushrooms in olive oil over high heat until browned, 5 minutes; add garlic and thyme. 2. Lower heat, add whisked eggs and scramble gently. 3. Finish with parmesan and salt. | AC95: ["Sear mushrooms in olive oil over high heat until browned, 5 minutes; add garlic and thyme.", "Lower heat, add whisked eggs and scramble gently.", "Finish with parmesan and salt."]
A96: DB-0095 | B96: Cinnamon Roll Overnight Oats | C96: Breakfast | D96: American | E96: 1 | F96: 5 | G96: 0 | H96: 5 | I96: cinnamon-roll-overnight-oats.jpg | J96: Cinnamon Roll Overnight Oats, healthy food photography, plated, natural light | L96: Rolled oats, dry — 40 g (1.4 oz) Almond milk, unsweetened — 160 g (5.6 oz) Greek yogurt, plain 2% — 80 g (2.8 oz) Ground cinnamon — 3 g (0.1 oz) Vanilla extract — 3 g (0.1 oz) Monk fruit/erythritol sweetener — 6 g (0.2 oz) Cream cheese — 15 g (0.5 oz) Pecans — 12 g (0.4 oz) | M96: [{"ingredient_id": "rolled_oats", "name": "Rolled oats, dry", "grams": 40.0, "note": ""}, {"ingredient_id": "almond_milk", "name": "Almond milk, unsweetened", "grams": 160.0, "note": ""}, {"ingredient_id": "greek_yogurt", "name": "Greek yogurt, plain 2%", "grams": 80.0, "note": ""}, {"ingredient_id": "cinnamon", "name": "Ground cinnamon", "grams": 3.0, "note": ""}, {"ingredient_id": "vanilla_extract", "name": "Vanilla extract", "grams": 3.0, "note": ""}, {"ingredient_id": "monk_fruit_sweetener", "name": "Monk fruit/erythritol sweetener", "grams": 6.0, "note": ""}, {"ingredient_id": "cream_cheese", "name": "Cream cheese", "grams": 15.0, "note": ""}, {"ingredient_id": "pecans", "name": "Pecans", "grams": 12.0, "note": ""}] | N96: 384 | O96: 16.3 | P96: 19.9 | Q96: 36.5 | R96: 6.7 | S96: 29.7 | T96: 47 | U96: low | V96: 14 | W96: medium | Y96: 89% of this dish's available carbohydrate comes from ingredients with a published, measured GI; the rest uses conventional placeholders (see Ingredients sheet) | Z96: 89 | AA96: vegetarian, no-cook, make-ahead | AB96: 1. Stir oats, almond milk, half the yogurt, cinnamon, vanilla and sweetener; refrigerate overnight. 2. Whip cream cheese with the remaining yogurt for a 'frosting'. 3. Swirl the frosting over the oats and top with pecans. | AC96: ["Stir oats, almond milk, half the yogurt, cinnamon, vanilla and sweetener; refrigerate overnight.", "Whip cream cheese with the remaining yogurt for a 'frosting'.", "Swirl the frosting over the oats and top with pecans."]
A97: DB-0096 | B97: Egg Foo Young Breakfast Patties | C97: Breakfast | D97: Chinese-American | E97: 2 | F97: 10 | G97: 12 | H97: 22 | I97: egg-foo-young-breakfast-patties.jpg | J97: Egg Foo Young Breakfast Patties, healthy food photography, plated, natural light | L97: Egg, large (50 g each) — 250 g (8.8 oz) [5 large eggs] Mung bean sprouts — 100 g (3.5 oz) Green onions (scallions) — 30 g (1.1 oz) Mushrooms (cremini/white) — 60 g (2.1 oz) Shrimp, peeled — 100 g (3.5 oz) Tamari (gluten-free soy sauce) — 10 g (0.4 oz) Toasted sesame oil — 5 g (0.2 oz) Avocado oil — 10 g (0.4 oz) | M97: [{"ingredient_id": "egg", "name": "Egg, large (50 g each)", "grams": 250.0, "note": "5 large eggs"}, {"ingredient_id": "bean_sprouts", "name": "Mung bean sprouts", "grams": 100.0, "note": ""}, {"ingredient_id": "green_onion", "name": "Green onions (scallions)", "grams": 30.0, "note": ""}, {"ingredient_id": "mushrooms", "name": "Mushrooms (cremini/white)", "grams": 60.0, "note": ""}, {"ingredient_id": "shrimp", "name": "Shrimp, peeled", "grams": 100.0, "note": ""}, {"ingredient_id": "tamari", "name": "Tamari (gluten-free soy sauce)", "grams": 10.0, "note": ""}, {"ingredient_id": "sesame_oil", "name": "Toasted sesame oil", "grams": 5.0, "note": ""}, {"ingredient_id": "avocado_oil", "name": "Avocado oil", "grams": 10.0, "note": ""}] | N97: 317 | O97: 28.9 | P97: 19.8 | Q97: 6.2 | R97: 1.6 | S97: 4.6 | T97: 12 | U97: low | V97: 0.5 | W97: low | X97: Negligible carbohydrate (<5 g net/serving): GI has little practical meaning, glycemic load is what matters. | Y97: 0% of this dish's available carbohydrate comes from ingredients with a published, measured GI; the rest uses conventional placeholders (see Ingredients sheet) | Z97: 0 | AA97: pescatarian, gluten-free, dairy-free, nut-free, low-carb, high-protein, quick | AB97: 1. Mix eggs with sprouts, green onion, chopped mushrooms, chopped shrimp, tamari and sesame oil. 2. Ladle 1/2-cup portions into a hot oiled skillet and cook 3 minutes per side. 3. Serve with extra tamari. | AC97: ["Mix eggs with sprouts, green onion, chopped mushrooms, chopped shrimp, tamari and sesame oil.", "Ladle 1/2-cup portions into a hot oiled skillet and cook 3 minutes per side.", "Serve with extra tamari."]
A98: DB-0097 | B98: Hemp Seed Protein Porridge | C98: Breakfast | D98: American | E98: 1 | F98: 3 | G98: 5 | H98: 8 | I98: hemp-seed-protein-porridge.jpg | J98: Hemp Seed Protein Porridge, healthy food photography, plated, natural light | L98: Hemp seeds — 30 g (1.1 oz) Ground flaxseed — 15 g (0.5 oz) Chia seeds — 10 g (0.4 oz) Almond milk, unsweetened — 250 g (8.8 oz) Ground cinnamon — 2 g (0.1 oz) Blackberries — 60 g (2.1 oz) Stevia (liquid) — 1 g (0.0 oz) | M98: [{"ingredient_id": "hemp_seeds", "name": "Hemp seeds", "grams": 30.0, "note": ""}, {"ingredient_id": "flaxseed", "name": "Ground flaxseed", "grams": 15.0, "note": ""}, {"ingredient_id": "chia_seeds", "name": "Chia seeds", "grams": 10.0, "note": ""}, {"ingredient_id": "almond_milk", "name": "Almond milk, unsweetened", "grams": 250.0, "note": ""}, {"ingredient_id": "cinnamon", "name": "Ground cinnamon", "grams": 2.0, "note": ""}, {"ingredient_id": "blackberries", "name": "Blackberries", "grams": 60.0, "note": ""}, {"ingredient_id": "stevia", "name": "Stevia (liquid)", "grams": 1.0, "note": ""}] | N98: 363 | O98: 16.4 | P98: 27.4 | Q98: 20 | R98: 12.9 | S98: 7.1 | T98: 20 | U98: low | V98: 1.4 | W98: low | Y98: 0% of this dish's available carbohydrate comes from ingredients with a published, measured GI; the rest uses conventional placeholders (see Ingredients sheet) | Z98: 0 | AA98: vegan, gluten-free, dairy-free, low-carb, high-fiber, quick | AB98: 1. Combine hemp, flax, chia and almond milk in a small pot. 2. Simmer 3–4 minutes, stirring, until thick. 3. Add cinnamon and stevia; top with blackberries. | AC98: ["Combine hemp, flax, chia and almond milk in a small pot.", "Simmer 3–4 minutes, stirring, until thick.", "Add cinnamon and stevia; top with blackberries."]
A99: DB-0098 | B99: Ham & Cheese Egg Roll-Ups | C99: Breakfast | D99: American | E99: 2 | F99: 5 | G99: 8 | H99: 13 | I99: ham-and-cheese-egg-roll-ups.jpg | J99: Ham & Cheese Egg Roll-Ups, healthy food photography, plated, natural light | L99: Egg, large (50 g each) — 200 g (7.1 oz) [4 large eggs] Ham, lean — 80 g (2.8 oz) Swiss cheese — 40 g (1.4 oz) Spinach — 40 g (1.4 oz) Dijon mustard — 8 g (0.3 oz) Extra-virgin olive oil — 6 g (0.2 oz) | M99: [{"ingredient_id": "egg", "name": "Egg, large (50 g each)", "grams": 200.0, "note": "4 large eggs"}, {"ingredient_id": "ham", "name": "Ham, lean", "grams": 80.0, "note": ""}, {"ingredient_id": "swiss_cheese", "name": "Swiss cheese", "grams": 40.0, "note": ""}, {"ingredient_id": "spinach", "name": "Spinach", "grams": 40.0, "note": ""}, {"ingredient_id": "dijon", "name": "Dijon mustard", "grams": 8.0, "note": ""}, {"ingredient_id": "olive_oil", "name": "Extra-virgin olive oil", "grams": 6.0, "note": ""}] | N99: 311 | O99: 27.1 | P99: 20.7 | Q99: 2.5 | R99: 0.6 | S99: 2 | T99: 3 | U99: low | V99: 0.1 | W99: low | X99: Negligible carbohydrate (<5 g net/serving): GI has little practical meaning, glycemic load is what matters. | Y99: 0% of this dish's available carbohydrate comes from ingredients with a published, measured GI; the rest uses conventional placeholders (see Ingredients sheet) | Z99: 0 | AA99: gluten-free, nut-free, low-carb, high-protein, quick | AB99: 1. Cook eggs as two thin omelets in olive oil. 2. Spread each with Dijon, layer ham, cheese and spinach. 3. Roll up tightly, slice into pinwheels. | AC99: ["Cook eggs as two thin omelets in olive oil.", "Spread each with Dijon, layer ham, cheese and spinach.", "Roll up tightly, slice into pinwheels."]
A100: DB-0099 | B100: Walnut Yogurt with Cinnamon Apples | C100: Breakfast | D100: American | E100: 1 | F100: 5 | G100: 5 | H100: 10 | I100: walnut-yogurt-with-cinnamon-apples.jpg | J100: Walnut Yogurt with Cinnamon Apples, healthy food photography, plated, natural light | L100: Greek yogurt, plain 2% — 200 g (7.1 oz) Apple — 100 g (3.5 oz) Walnuts — 20 g (0.7 oz) Ground cinnamon — 2 g (0.1 oz) Butter — 5 g (0.2 oz) Vanilla extract — 1 g (0.0 oz) | M100: [{"ingredient_id": "greek_yogurt", "name": "Greek yogurt, plain 2%", "grams": 200.0, "note": ""}, {"ingredient_id": "apple", "name": "Apple", "grams": 100.0, "note": ""}, {"ingredient_id": "walnuts", "name": "Walnuts", "grams": 20.0, "note": ""}, {"ingredient_id": "cinnamon", "name": "Ground cinnamon", "grams": 2.0, "note": ""}, {"ingredient_id": "butter", "name": "Butter", "grams": 5.0, "note": ""}, {"ingredient_id": "vanilla_extract", "name": "Vanilla extract", "grams": 1.0, "note": ""}] | N100: 372 | O100: 23.4 | P100: 21.3 | Q100: 26.5 | R100: 4.8 | S100: 21.7 | T100: 24 | U100: low | V100: 5.2 | W100: low | Y100: 90% of this dish's available carbohydrate comes from ingredients with a published, measured GI; the rest uses conventional placeholders (see Ingredients sheet) | Z100: 90 | AA100: vegetarian, gluten-free, quick | AB100: 1. Sauté diced apple in butter with cinnamon 4 minutes until tender. 2. Stir vanilla into the yogurt. 3. Top with warm apples and walnuts. | AC100: ["Sauté diced apple in butter with cinnamon 4 minutes until tender.", "Stir vanilla into the yogurt.", "Top with warm apples and walnuts."]
A101: DB-0100 | B101: Southwest Tofu Breakfast Tacos | C101: Breakfast | D101: Tex-Mex | E101: 2 | F101: 10 | G101: 10 | H101: 20 | I101: southwest-tofu-breakfast-tacos.jpg | J101: Southwest Tofu Breakfast Tacos, healthy food photography, plated, natural light | L101: Tofu, extra-firm — 250 g (8.8 oz) Corn tortilla — 100 g (3.5 oz) [4 small tortillas] Black beans, cooked — 80 g (2.8 oz) Taco seasoning, low sodium — 6 g (0.2 oz) Avocado — 60 g (2.1 oz) Salsa, no sugar added — 60 g (2.1 oz) Fresh cilantro — 5 g (0.2 oz) Extra-virgin olive oil — 10 g (0.4 oz) Lime — 20 g (0.7 oz) | M101: [{"ingredient_id": "tofu", "name": "Tofu, extra-firm", "grams": 250.0, "note": ""}, {"ingredient_id": "corn_tortilla", "name": "Corn tortilla", "grams": 100.0, "note": "4 small tortillas"}, {"ingredient_id": "black_beans", "name": "Black beans, cooked", "grams": 80.0, "note": ""}, {"ingredient_id": "taco_seasoning", "name": "Taco seasoning, low sodium", "grams": 6.0, "note": ""}, {"ingredient_id": "avocado", "name": "Avocado", "grams": 60.0, "note": ""}, {"ingredient_id": "salsa", "name": "Salsa, no sugar added", "grams": 60.0, "note": ""}, {"ingredient_id": "cilantro", "name": "Fresh cilantro", "grams": 5.0, "note": ""}, {"ingredient_id": "olive_oil", "name": "Extra-virgin olive oil", "grams": 10.0, "note": ""}, {"ingredient_id": "lime", "name": "Lime", "grams": 20.0, "note": ""}] | N101: 457 | O101: 29.1 | P101: 22.7 | Q101: 43.2 | R101: 12.7 | S101: 30.5 | T101: 42 | U101: low | V101: 12.8 | W101: medium | Y101: 83% of this dish's available carbohydrate comes from ingredients with a published, measured GI; the rest uses conventional placeholders (see Ingredients sheet) | Z101: 83 | AA101: vegan, gluten-free, dairy-free, nut-free, high-protein, high-fiber | AB101: 1. Crumble tofu and cook in olive oil with taco seasoning 6 minutes until golden. 2. Warm beans and tortillas. 3. Fill tortillas with tofu, beans, avocado, salsa, cilantro and lime. | AC101: ["Crumble tofu and cook in olive oil with taco seasoning 6 minutes until golden.", "Warm beans and tortillas.", "Fill tortillas with tofu, beans, avocado, salsa, cilantro and lime."]
A102: DB-0101 | B102: Egg White Oatmeal Bowl with Almond Butter | C102: Breakfast | D102: American | E102: 1 | F102: 3 | G102: 7 | H102: 10 | I102: egg-white-oatmeal-bowl-with-almond-butter.jpg | J102: Egg White Oatmeal Bowl with Almond Butter, healthy food photography, plated, natural light | L102: Rolled oats, dry — 40 g (1.4 oz) Egg whites — 90 g (3.2 oz) [3 egg whites] Almond milk, unsweetened — 200 g (7.1 oz) Almond butter — 12 g (0.4 oz) Ground cinnamon — 1 g (0.0 oz) Raspberries — 50 g (1.8 oz) | M102: [{"ingredient_id": "rolled_oats", "name": "Rolled oats, dry", "grams": 40.0, "note": ""}, {"ingredient_id": "egg_white", "name": "Egg whites", "grams": 90.0, "note": "3 egg whites"}, {"ingredient_id": "almond_milk", "name": "Almond milk, unsweetened", "grams": 200.0, "note": ""}, {"ingredient_id": "almond_butter", "name": "Almond butter", "grams": 12.0, "note": ""}, {"ingredient_id": "cinnamon", "name": "Ground cinnamon", "grams": 1.0, "note": ""}, {"ingredient_id": "raspberries", "name": "Raspberries", "grams": 50.0, "note": ""}] | N102: 331 | O102: 19.5 | P102: 12.3 | Q102: 38.1 | R102: 9 | S102: 29.1 | T102: 50 | U102: low | V102: 14.6 | W102: medium | Y102: 80% of this dish's available carbohydrate comes from ingredients with a published, measured GI; the rest uses conventional placeholders (see Ingredients sheet) | Z102: 80 | AA102: vegetarian, dairy-free, high-fiber, quick | AB102: 1. Cook oats in almond milk 4 minutes. 2. Whisk in egg whites vigorously and cook 2 more minutes until fluffy. 3. Top with almond butter, cinnamon and raspberries. | AC102: ["Cook oats in almond milk 4 minutes.", "Whisk in egg whites vigorously and cook 2 more minutes until fluffy.", "Top with almond butter, cinnamon and raspberries."]
